std_model,old_newman,parrallel,numpy,n
0.3057131073437631,0.41123842634260654,0.5613019578158855,0.9824988399632275,10
1.798520970158279,1.1455342289991677,2.173974458128214,6.489121651742607,100
3.28447601897642,2.183185084722936,11.02213859418407,0.2653726441785693,1000
3.820982368197292,6.490911311935633,101.57619499834254,0.28629037691280246,10000
7.200944647192955,41.448989054653794,979.517914663069,0.5374708059243858,100000
