ho_likelihood,hol_likelihood,std_likelihood
-2.3644487838684,-2.5267369875418386,-2.5268338409091857
-2.5030560452022788,-2.433257140211147,-2.4172119942518586
-2.576050720564371,-2.3416372372277965,-2.326853542051784
-2.4374850785184785,-2.7917996936624485,-3.1824305657225387
-2.588086602607781,-2.310892147237467,-2.287147510475461
-2.932764333259668,-2.6583713786570518,-2.946370184588119
-2.291778481453487,-2.3278177184593796,-2.3100295233541632
-1.6447450298595716,-0.9851615940621753,-0.20151082643599394
-0.38397291527260313,-0.38299649829164384,0.015344930971853465
-2.304036487567226,-2.3901608871959694,-2.365276270470966
-2.661778221399101,-2.3846605974850563,-2.344636067189711
-2.0716337767857462,-1.4608145366691898,-1.1591555227571337
-2.4033159082547924,-2.353160071605678,-2.3445737036632908
