ho_likelihood,hol_likelihood,std_likelihood
-1.2212807107512982,-1.2215354206153413,-1.2216452075576494
0.0,0.0,0.0
-0.4635482184606758,-0.46345373933977435,-0.46341302302627807
0.0,0.0,0.0
0.0,0.0,0.0
-0.46354821845845884,-0.4634537351949883,-0.4634130230262922
-0.6931471805599453,-0.6931471805599453,-0.6931471805599453
0.0,0.0,0.0
0.0,0.0,0.0
0.20667768129426065,0.6838469739786043,0.6962016004368149
0.0,0.0,0.0
0.0,0.0,0.0
0.0,0.0,0.0
