ho_likelihood,hol_likelihood,std_likelihood
0.0,0.0,0.0
-0.6931471805599453,-0.6931471805599453,-0.6931471805599453
-0.4636301839905236,-0.4634298089578457,-0.4633597473393821
0.693356903053567,0.6925267206864488,0.6922369420908937
-0.6931471805599453,-0.6931471805599453,-0.6931471805599453
0.0,0.0,0.0
-0.3533014538502484,-0.5191751706745705,-0.5020941269056446
0.6747166437709177,0.3073362625311167,0.3753691550987113
-0.6931471805599453,-0.6931471805599453,-0.6931471805599453
0.0,0.0,0.0
0.0536386438138682,0.41835186903901317,0.44947734469233236
0.5281852727938884,0.5276453995581573,0.5274568809257103
0.0,0.0,0.0
0.0,0.0,0.0
0.0,0.0,0.0
-0.7084855127279631,-0.5191751706746054,-0.5020941269055124
-0.6931471805599453,-0.6931471805599453,-0.6931471805599453
0.32750103312390383,-0.11183414247841865,-0.047607601871409715
0.13007191501411758,0.10575274497799896,0.20249213871503635
0.0,0.0,0.0
-0.46363018399092776,-0.46342980895756425,-0.46335974733939556
0.0,0.0,0.0
-0.6931471805599453,-0.6931471805599453,-0.6931471805599453
0.0,0.0,0.0
-0.6931471805599453,-0.6931471805599453,-0.6931471805599453
-0.6931471805599453,-0.6931471805599453,-0.6931471805599453
0.0,0.0,0.0
0.0,0.0,0.0
-0.3657816234090701,-0.1954810636309363,-0.15408649574795502
