ho_likelihood,hol_likelihood,std_likelihood
-0.4061810731580438,-1.2656956816270224,-0.11503604839983533
-1.8577600383784607,-1.6065633734784346,-2.003475368928916
-1.791759469228055,-1.791759469228055,-1.791759469228055
-0.5642238069599497,-1.468957832438921,-0.1785403755295881
-3.046120141187839,-3.054647290606486,-3.149280311064146
-1.5259483890075678,-1.7104649138011419,-0.9541028174743978
-1.791759469228055,-1.791759469228055,-1.791759469228055
-2.99652214722969,-1.2124002845777464,-2.5227131053458547
-4.26005332196029,-4.0474622117769545,-5.015206353057457
-2.1517761672837152,-1.996314711850621,-2.2967401405246517
-0.2639093735156151,-2.162584258309111,-0.04394814139748931
-3.570093805488641,-3.5699847780912632,-3.683775386673095
-1.6205120888682265,-1.1643441362321423,-1.4678536048385644
-1.7335014230297585,-2.50775842015473,-1.7146081508736026
-0.9959580326213295,-1.541171805288497,-0.8211245725808705
-1.791759469228055,-1.791759469228055,-1.791759469228055
1.7763548829983677,-0.4551168101553976,2.2509579117176695
-3.3585985842381896,-1.190088575866644,-3.424362172129942
0.3904591644339104,-0.9720367413673392,0.6297164803746514
-0.9493851748874885,-0.8560933296640397,-0.5974653298705761
-2.4375725445828533,-2.0971297045928425,-2.349450179463319
-3.0583636486981187,-3.416314090410753,-3.0448015290444808
-2.4322281945657083,-2.5481602759249267,-2.7825237002162466
-2.4272650897505907,-2.3424902075882517,-2.478295547824947
-1.508887813644814,-0.9801098371662281,-1.4315398724480137
-0.7787495282065521,0.017045814402586935,-0.5205556272996257
-2.8580805939959775,-2.2679136346307516,-2.7711026907625276
-4.549196787636368,-3.662022217450723,-5.034604140124248
-1.4565138468000012,-1.9691047173134644,-1.3895464853030581
