ho_likelihood,hol_likelihood,std_likelihood
-0.6931471805599453,-0.6931471805599453,-0.6931471805599453
0.0,0.0,0.0
0.0,0.0,0.0
-0.8231530406151472,-0.7991125646950807,-0.9106198430590764
0.0,0.0,0.0
-0.6931471805599453,-0.6931471805599453,-0.6931471805599453
-0.6931471805599453,-0.6931471805599453,-0.6931471805599453
0.823153040996878,0.799112564673424,0.9106198363745317
-0.6931471805599453,-0.6931471805599453,-0.6931471805599453
-0.46354254826865166,-0.4636740234945455,-0.46355911466496713
0.0,0.0,0.0
0.0,0.0,0.0
-0.6627651943501242,-1.0777450716214285,-0.6930465691039306
