ho_likelihood,hol_likelihood,std_likelihood
0.0,0.0,0.0
0.0,0.0,0.0
0.030347908445402645,-0.3846026637485786,-0.4272170124413207
-0.46360934835326517,-0.4634830038660005,-0.4634436947249592
-0.6931471805599453,-0.6931471805599453,-0.6931471805599453
0.0,0.0,0.0
0.0,0.0,0.0
0.0,0.0,0.0
-0.6931471805599453,-0.6931471805599453,-0.6931471805599453
-0.6931471805599453,-0.6931471805599453,-0.6931471805599453
0.0,0.0,0.0
-0.7084362606285948,-0.5192229023109804,-0.5021815561806966
-0.42693694916869207,-0.4266038686141836,-0.42650026448595973
