ho_likelihood,hol_likelihood,std_likelihood
-3.195743851309697,-2.868271937147556,-3.279181650450412
-1.9598361296991176,-2.690662285046111,-3.2435407645585714
-0.1543926670156089,0.0869047074135784,0.32796513212252454
1.708970467686404,1.5592122437513478,2.1221885153905897
-1.7501535663018908,-1.2262158856023015,-0.26231321189158086
-2.8805241288751815,-2.6358644272963487,-2.930224007683221
-2.894351957540924,-2.7969574070072083,-3.3473099641710187
-0.3774630574801782,-0.70618231047201,0.05548700236144244
-2.77182631967015,-2.3006526565088894,-2.2724242012214986
-2.1790983756604314,-2.5117021153963472,-2.7652731815090283
0.8725765890281851,0.3030466784318064,0.9278554051735757
-5.161000666469413,-2.847603562285951,-3.245073770223524
-3.852952581083526,-2.8666288249866168,-3.661898205694548
0.3165123276420265,0.35354023832943776,0.9231877619077483
-2.5278105911735804,-2.3880806430384633,-2.3436996144391746
-2.791421026634996,-2.9868599664680926,-3.6911444031497473
-2.9444527222645345,-0.970300358975131,0.05364194215703661
-2.3010781552925432,-2.5063083551895944,-2.441628773011775
-3.410388917474485,-2.4993316832364623,-2.614027083646516
-3.782203645785675,-0.9031635822630701,-0.6394219565228726
-2.2261760852603545,-1.6266742701376002,-1.5181673317141555
-1.5198184855541492,-2.672658854323614,-2.936456576505488
0.11387500759370743,-1.477182602502162,-1.3457961729014363
-2.1751516961755644,-2.7361662033682292,-3.109550917322567
-3.056101516306526,-2.369272069599856,-2.321674405830405
-2.9955838509306503,-2.989765549061561,-3.4600304251200384
-4.4253842404261405,-2.7761645283484064,-3.484553911644139
-2.441270370466664,-1.4975063820081211,-0.5864275917795985
-4.351810181656973,-2.83244252222985,-3.2054544114276586
