ho_likelihood,hol_likelihood,std_likelihood
-3.0269030165839603,-2.60049888895139,-2.905653953740958
-0.5043909061993398,0.008494390886455259,0.0720038542319112
-2.335216034022597,-2.3266568523393585,-2.3027735050563627
0.8292278710038369,1.0061187291134823,1.6914972721131645
-2.2419549728250967,-2.759141365340399,-3.0397342640192146
-1.5644913090881425,-1.359506474310751,-0.9917710223627899
-4.08421989774088,-3.592283519024594,-4.226424850654743
-2.4031554712383656,-2.4328150366951165,-2.538783553702134
-1.1687235899767474,-1.441126315823373,-1.0405192892783153
-3.43076959847426,-2.4582281011422182,-2.482658253846624
-3.9245529069250327,-2.5870446304464454,-2.6926326292773877
-0.3512018515979122,-0.2709370458049845,1.591706279284116
-3.1766791478640974,-2.6485104955281376,-2.759457745018326
-2.446479367532032,-3.062363665332469,-3.4734390247019076
-2.3261916060139307,-1.4861621323216585,-0.8160922545023843
-4.539104763287921,-2.244094523939436,-2.164345792571227
-1.1068773767942413,-0.9689457363555435,-0.49179673776058414
-1.1620114310559317,-1.62433097467311,-1.5518416231459573
-2.4492457971918205,-2.6040157982195136,-2.9333534948706195
-2.800144518216023,-2.5788230097326448,-2.754114629038056
-1.0336182949645083,-1.286643263126384,-1.2671780263532646
-1.5762931096201012,-2.623290676317294,-2.6608569516849814
-3.145659648168546,-3.3038229313346132,-3.9478442428377507
-4.952082776868374,-2.705595367041951,-3.165719283220029
-5.167660735589767,-2.282732915822945,-2.223941956831753
-4.767006973419235,-2.7681006549284226,-3.169310207574404
-2.6089194530989332,-2.239642759982858,-2.1663329051518567
-2.6315923077208248,-0.6792049379161357,-0.3284755532181617
-3.5327524368462524,-3.2680348749180914,-3.7050595069790537
