ho_likelihood,hol_likelihood,std_likelihood
0.13011785407706372,0.10563937812213425,0.21755088832502742
0.0,0.0,0.0
0.21015085263263816,0.7115495487506821,0.33187587948621716
0.0,0.0,0.0
-0.8975366755482153,-0.47688376107942154,-0.9762895847209317
-0.02159621753084948,-0.47688376107942154,-0.07457870553399788
-0.6931471805599453,-0.6931471805599453,-0.6931471805599453
-0.6931471805599453,-0.6931471805599453,-0.6931471805599453
-2.135746572841393,-2.1339918070929884,-2.135561618746837
0.5052245289674447,-0.13436274983869076,0.5721346669015722
0.0,0.0,0.0
-0.6931471805599453,-0.6931471805599453,-0.6931471805599453
-0.1587849470445024,-0.15049789761001356,-0.17830304663286758
0.0,0.0,0.0
0.05788724968396874,-0.24346140067049338,0.043003228493697594
-1.5516872433949083,-1.07793311092752,-1.603464435690557
-0.41826080384447956,-0.38677531076767196,-0.4002874027749818
0.0,0.0,0.0
-0.6931471805599453,-0.6931471805599453,-0.6931471805599453
0.5282106271366556,0.5275659466712329,0.5281426769545315
-0.7147433980907948,-1.1700309416393668,-0.7677258860939432
0.0,0.0,0.0
-0.6931471805599453,-0.6931471805599453,-0.6931471805599453
0.8232650349048005,0.7987865586868195,0.91069806899109
-0.7463752652131594,-0.9736327356034831,-0.7781711181877841
-0.6931471805599453,-0.6931471805599453,-0.6931471805599453
0.0,0.0,0.0
-0.6931471805599453,-0.6931471805599453,-0.6931471805599453
0.0,0.0,0.0
