ho_likelihood,hol_likelihood,std_likelihood
-5.8018725117771295,-5.946571276628805,-6.097755782004307
-0.10118922655652708,-1.4910455808746212,-0.11188837170182565
0.6733410236247754,-1.0739518197619524,1.1313685584828805
-1.6702222603551424,-2.0243235118156084,-1.7044430597461304
0.5000834447339855,-1.8994111058922234,1.110411508533832
-1.2801803066511004,-2.134262178279958,-1.2317767850747396
-0.18384668393159825,-2.350276425849082,0.07818888847559413
-2.90889396316671,-2.305753457644659,-2.5715395778748373
-1.791759469228055,-1.791759469228055,-1.791759469228055
-1.5776688458236048,-2.194808093168529,-1.813635084465581
-1.9215379182394254,-1.9472387468826988,-1.7111786640792952
-2.760549730358712,-2.0695021661177515,-2.496351858715441
-3.213160853285343,-3.1853894005575913,-3.2122003836141175
0.43845613918495024,-1.2331584393170898,0.7400727629612499
-1.791759469228055,-1.791759469228055,-1.791759469228055
-3.406491726274578,-1.6927548605979343,-3.040333984975296
-0.7349011264589916,-2.6023392547141393,-0.44577939895360674
-0.3655298974869821,-0.8011810152247896,0.1187841136778617
-2.6000442897304477,-2.522394715123186,-2.588615474558248
-0.8823566457810019,-1.9530187127038094,-0.563875547721774
-3.5306865280863247,-2.752133990790565,-3.455678515533919
-4.3231346153110515,-3.685798472531332,-4.509640067624203
-3.973709289370536,-3.415738222058096,-4.1440230863828384
-3.666341317406717,-3.8525785844413365,-3.7834100728693407
-3.3742366085848197,-2.5471884606680812,-3.0696282010317057
-3.771228275199646,-3.828054240893993,-3.9760398978248492
-1.4935283877267789,-1.40738539174954,-1.3675777407174
-3.866809560442713,-3.5333668661995126,-3.899797496012046
-2.8547332176651006,-3.634957794287612,-2.7252618357019185
