ho_likelihood,hol_likelihood,std_likelihood
0.2859336040438043,0.42029839077939446,0.5286274670188179
-0.6931471805599453,-0.6931471805599453,-0.6931471805599453
0.0,0.0,0.0
0.15953797098762007,0.15785173650588796,0.23049149863541443
-0.5279002486890384,-0.528524905278967,-0.5286835744184238
0.0,0.0,0.0
-1.2210474292438955,-1.2216720858869707,-1.2218307549783936
-0.7310212569832047,-0.8561316606217925,-0.8383965415287946
-0.6931471805599453,-0.6931471805599453,-0.6931471805599453
-0.886563235635208,-1.0348630962196423,-1.0224486920684712
-0.6931471805599453,-0.6931471805599453,-0.6931471805599453
0.0,0.0,0.0
-0.6931471805599453,-0.6931471805599453,-0.6931471805599453
0.030466269581301195,-0.3847797967671357,-0.4274794691661189
-0.7084963331628878,-0.5191511641535204,-0.5020779488131355
0.527900248689377,0.5285249053429453,0.5286835744184257
0.17488930777192294,0.00842223149410508,0.02533715204371729
-0.584209970411809,-0.4582408375072305,-0.4482302607391915
0.0,0.0,0.0
-0.164949563157606,-0.16557378505304546,-0.16573207970311923
-1.6984673461600184,-0.8666185271442282,-0.8622344083865991
-0.6931471805599453,-0.6931471805599453,-0.6931471805599453
-0.6931471805599453,-0.6931471805599453,-0.6931471805599453
-0.6931471805599453,-0.6931471805599453,-0.6931471805599453
-0.6931471805599453,-0.6931471805599453,-0.6931471805599453
0.0,0.0,0.0
0.0,0.0,0.0
0.0,0.0,0.0
-0.6931471805599453,-0.6931471805599453,-0.6931471805599453
