ho_likelihood,hol_likelihood,std_likelihood
-0.6931471805599453,-0.6931471805599453,-0.6931471805599453
0.38641467883660996,0.06142343339425163,0.06976865523557661
0.6752226224904497,1.0887449862199823,1.2025442523481615
0.0,0.0,0.0
0.0,0.0,0.0
0.0,0.0,0.0
0.0,0.0,0.0
0.0,0.0,0.0
0.12981611426001344,0.10556943552202219,0.2022877836629596
-0.6931471805599453,-0.6931471805599453,-0.6931471805599453
0.0,0.0,0.0
-1.3814952820848743,-1.2358493335549365,-1.2671825509726806
-0.6931471805599453,-0.6931471805599453,-0.6931471805599453
0.27954260544929793,0.2871035851598773,0.3371100690209971
-0.030201083638181567,0.3848262982451654,0.42756444657537646
0.44375274683492116,0.42048456764003733,0.48655260470289574
-0.5921132039705337,-1.0180825160292521,-1.0511051219234169
-0.6931471805599453,-0.6931471805599453,-0.6931471805599453
-0.6931471805599453,-0.6931471805599453,-0.6931471805599453
0.8124578361084982,0.8116270006466845,0.8113299968978528
0.7004981916959647,0.6985431899488337,0.7667062121415812
-0.6931471805599453,-0.6931471805599453,-0.6931471805599453
0.0,0.0,0.0
0.0,0.0,0.0
0.0,0.0,0.0
-0.6931471805599453,-0.6931471805599453,-0.6931471805599453
-0.5280440855259885,-0.5275169262750672,-0.5273284980186479
-0.2557947339309421,-0.40208963594636626,-0.38766203745693284
-0.3532230248497393,-0.5191323324967658,-0.502044406681182
