ho_likelihood,hol_likelihood,std_likelihood
0.0,0.0,0.0
0.0,0.0,0.0
-0.8587034935230291,-0.38455408073666336,-0.42712458529554315
-1.322310602384919,-0.8480590179848099,-0.8906033171865351
0.5279747847269265,0.528250213688786,0.5283208606930427
0.0,0.0,0.0
0.12995917057580494,0.10604138690506736,0.20300185176934651
-0.9916751536012977,-0.9915019470038228,-0.9914575617447546
0.0,0.0,0.0
0.0,0.0,0.0
-0.6931471805599453,-0.6931471805599453,-0.6931471805599453
0.0,0.0,0.0
0.0,0.0,0.0
