ho_likelihood,hol_likelihood,std_likelihood
0.0,0.0,0.0
0.030501817332426382,-0.38473688005055773,-0.4274357767733272
-0.4635168097008714,-0.46373669370114795,-0.4637982520863645
-0.8232787613763555,-0.7988715654201585,-0.8956437131865276
-0.6931471805599453,-0.6931471805599453,-0.6931471805599453
-0.8585259285467188,-0.3847368800555179,-0.4274357768084544
0.0,0.0,0.0
0.0,0.0,0.0
-1.4154426699323974,-1.3977359954089745,-1.447916371225497
0.0,0.0,0.0
-0.6931471805599453,-0.6931471805599453,-0.6931471805599453
0.5278796769517142,0.5284726772909398,0.5286389177685251
0.0,0.0,0.0
-0.6931471805599453,-0.6931471805599453,-0.6931471805599453
0.0,0.0,0.0
0.0,0.0,0.0
0.8232787614373349,0.7988715654209981,0.8956437132344823
0.002570032607890361,-0.1908349181852598,-0.15007573849914574
0.0,0.0,0.0
0.0,0.0,0.0
-0.6931471805599453,-0.6931471805599453,-0.6931471805599453
-0.6931471805599453,-0.6931471805599453,-0.6931471805599453
-0.7085143798538502,-0.5191685445556716,-0.5020951956645869
-0.6931471805599453,-0.6931471805599453,-0.6931471805599453
0.5278796769515377,0.5284726766372947,0.5286389177685739
0.0,0.0,0.0
0.0,0.0,0.0
0.5278796769514711,0.5284726770059032,0.528638917768432
-0.46678654595294633,-0.6955869315702448,-0.6107945601422862
