ho_likelihood,hol_likelihood,std_likelihood
1.000020964940183,0.9665759875079468,1.1409325251988143
-0.36403789054004104,-0.3715422255492284,-0.33818336936045335
-0.6931471805599453,-0.6931471805599453,-0.6931471805599453
-0.6931471805599453,-0.6931471805599453,-0.6931471805599453
-0.7083614170430736,-0.5190995571848767,-0.6930605854345063
-1.126337966273302,-0.8746958450036904,-1.1665496799276753
-0.1651034532044464,-0.1657285054080899,-0.16519336007832017
-0.7204521657870336,-0.9241683469667553,-0.7324123437904753
0.0,0.0,0.0
0.06447640464854366,0.06533444770061711,0.06459968972312549
0.0,0.0,0.0
0.06447640464848642,0.06533444764923042,0.0645996897230412
0.0,0.0,0.0
1.912626946146667,0.7654391892169863,2.107404063660934
-0.5023251106621557,-0.502566654971801,-0.5023598481563927
-0.6931471805599453,-0.6931471805599453,-0.6931471805599453
0.0,0.0,0.0
0.39129923610518363,0.11299787392294904,0.3657546262814509
0.0,0.0,0.0
0.8588515694145847,0.38490723420666234,0.9107007918310001
-0.6931471805599453,-0.6931471805599453,-0.6931471805599453
-1.979762717769532,-2.3536023211424575,-2.1589856340152997
-0.6931471805599453,-0.6931471805599453,-0.6931471805599453
1.354564293664515,1.3091919198661797,1.4445649007792591
-0.6931471805599453,-0.6931471805599453,-0.6931471805599453
-0.9084629757856783,-0.9103809855356458,-0.905453106347595
-0.13374265910520877,-0.7971533683064185,-0.10430351676076982
0.0,0.0,0.0
0.02666474886627074,0.04256088223299488,0.07478314823216714
