ho_likelihood,hol_likelihood,std_likelihood
-0.030418718257455662,0.38456436650384274,0.4271474274840855
-0.9917047428910126,-0.9914940881664296,-0.9914428964064269
0.0,0.0,0.0
0.0,0.0,0.0
-0.7084721972920229,-0.5192384135262459,-0.5022090282525952
0.0,0.0,0.0
0.0,0.0,0.0
0.0,0.0,0.0
0.0,0.0,0.0
-0.6931471805599453,-0.6931471805599453,-0.6931471805599453
0.0,0.0,0.0
0.0,0.0,0.0
-0.6931471805599453,-0.6931471805599453,-0.6931471805599453
