ho_likelihood,hol_likelihood,std_likelihood
0.528101204215384,0.5277570539397244,0.5280518918801844
-0.5279966206701775,-0.5283409362967116,-0.5280459272410589
-0.7387115804607534,-0.1345837551312048,-0.6931553293958159
-0.6931471805599453,-0.6931471805599453,-0.6931471805599453
0.0,0.0,0.0
0.0,0.0,0.0
-0.6931471805599453,-0.6931471805599453,-0.6931471805599453
-0.6931471805599453,-0.6931471805599453,-0.6931471805599453
-0.6931471805599453,-0.6931471805599453,-0.6931471805599453
0.5279966206761104,0.5283409352575842,0.5280459272127673
0.0,0.0,0.0
0.06439761313083257,0.06486965524122737,0.06446521134129657
0.5279966206794283,0.5283409396877617,0.5280459272220493
