ho_likelihood,hol_likelihood,std_likelihood
-1.0986122886681098,-1.0986122886681098,-1.0986122886681098
-0.9624589611124024,-1.2625175545418488,-1.2402710269863904
-1.0986122886681098,-1.0986122886681098,-1.0986122886681098
-1.658942791062324,-1.6161281709129018,-1.8057344711095915
-1.0644036650227733,-0.7336727579675405,-0.5921615725035563
-1.0986122886681098,-1.0986122886681098,-1.0986122886681098
-1.2036524505504138,-1.3181735778871144,-1.3078265249583252
-0.9659106258034902,-1.0187405539577514,-1.0039378050996834
0.08700052306949892,0.0331913647356561,0.34610557328342473
-1.0986122886681098,-1.0986122886681098,-1.0986122886681098
-1.032615640703737,-1.255935963535406,-1.2222974491184166
-1.1988571301643385,-1.2670715563402615,-1.2439275073470026
-1.7202669084834916,-1.7526987682752564,-1.9143554722477112
