ho_likelihood,hol_likelihood,std_likelihood
0.0,0.0,0.0
0.0,0.0,0.0
-0.6931471805599453,-0.6931471805599453,-0.6931471805599453
-0.6931471805599453,-0.6931471805599453,-0.6931471805599453
-1.5520280377058604,-1.0779321586913149,-1.1206361792121702
0.31388011208815403,-0.11323487527385173,-0.08197530213492905
-0.5280280420809323,-0.5275671029128598,-0.5274053874801566
0.0,0.0,0.0
-0.36404656164074395,-0.37147650928304393,-0.34244005283917556
-0.6931471805599453,-0.6931471805599453,-0.6931471805599453
0.8588808572001678,0.38478497813137763,0.4274889986744674
0.0,0.0,0.0
-0.6931471805599453,-0.6931471805599453,-0.6931471805599453
0.0,0.0,0.0
0.0,0.0,0.0
0.8070559594798209,0.32489514194478264,0.3578861169312506
-1.4225325231844126,-1.3154122710695195,-1.3625231878778805
0.0,0.0,0.0
-0.6931471805599453,-0.6931471805599453,-0.6931471805599453
0.0,0.0,0.0
-0.6931471805599453,-0.6931471805599453,-0.6931471805599453
-0.6931471805599453,-0.6931471805599453,-0.6931471805599453
-0.8588808571958055,-0.384784978131167,-0.42748899864292966
0.0,0.0,0.0
-0.16511913847895107,-0.1655800776900776,-0.16574179307957043
-0.4798970765552948,-0.4878978947939856,-0.4871854126204765
-0.6931471805599453,-0.6931471805599453,-0.6931471805599453
-0.6931471805599453,-0.6931471805599453,-0.6931471805599453
-0.6931471805599453,-0.6931471805599453,-0.6931471805599453
