ho_likelihood,hol_likelihood,std_likelihood
-1.0141271434337635,-0.20926705673804796,0.3911744916434392
-1.8923866467464163,-0.9681477545841836,-0.09058484166203928
-3.3335500130883755,-2.9343020280787724,-3.153333809478273
-2.439583985716699,-2.2135057664742486,-2.1919492831654424
-1.3801859038168693,-2.1501484160191593,-2.0952543764313725
-4.368174765390171,-2.264800004519575,-2.3490575725470633
-0.9199071285085361,-0.4047239788599338,0.9167937144489599
-2.576373821318724,-2.3443571837508865,-2.8317078222504155
-2.625628253684436,-2.7572676978310082,-3.0552771746718443
-0.8029989231064095,-2.183651462288655,-2.192866848445458
-1.8798325390808313,-2.1731021376788067,-2.1245457955653047
-0.9972381392707607,-0.5723968040348721,0.11155097134235642
-2.846356924756557,-2.3945288834401808,-2.7531287771663866
-2.5776106536296406,-2.3227402036140146,-2.5677556536306105
0.667537027253319,0.5627138382201564,0.2082291167741934
-0.7185893523562474,-1.001792655124906,-0.767745684931921
-1.4317611497129719,-1.2055115687538354,-0.3221433022410879
-0.8654266615749486,-0.9830976748288497,-0.3680317672471191
-3.2120966305108336,-2.3434153094224874,-2.3099483783874746
-2.4540212915278863,-2.166625087257256,-2.0983967672620794
-2.8216531890817165,-2.6876540127061777,-3.228547469018216
-2.725273066539611,-2.484719676524055,-2.7220259781382055
-1.3694933093563535,-2.1599135693619265,-2.1769284466544936
-1.3638129984286342,-2.357806921036398,-2.421595627053174
-3.528432499204859,-2.2399520607506584,-2.3023575609028435
-2.500047038181743,-2.4772219836371603,-2.90809747398606
-2.729009897434818,-2.5091056766228736,-2.7259239116036382
-2.4238387466493743,-2.1712805214191047,-2.1173401129178164
-1.8728172409179589,-0.842143927968837,0.047893943158123356
