ho_likelihood,hol_likelihood,std_likelihood
-0.6931471805599453,-0.6931471805599453,-0.6931471805599453
-0.6931471805599453,-0.6931471805599453,-0.6931471805599453
-1.519636398820444,-1.5191728993420341,-1.519535255764671
0.0,0.0,0.0
0.0,0.0,0.0
0.0,0.0,0.0
0.0,0.0,0.0
0.030165908011396948,-0.38464332685857916,-0.0001589638025632092
0.5280237228290788,0.5277391950185698,0.5279616343496478
0.0,0.0,0.0
0.12977922199790518,0.10588658074817286,0.21718322155236572
0.0,0.0,0.0
-0.5280740975539011,-0.5283588222080394,-0.5281362008937968
