ho_likelihood,hol_likelihood,std_likelihood
0.0,0.0,0.0
-0.6931471805599453,-0.6931471805599453,-0.6931471805599453
-0.6931471805599453,-0.6931471805599453,-0.6931471805599453
-0.6931471805599453,-0.6931471805599453,-0.6931471805599453
-0.6931471805599453,-0.6931471805599453,-0.6931471805599453
-0.5485178460496627,-0.7513393165463105,-0.734935326060957
0.0,0.0,0.0
0.8230167430743007,0.7987421759445019,0.8954884407194064
0.0,0.0,0.0
0.0,0.0,0.0
-0.7083875973329753,-0.5191383069931449,-0.5020574197877509
-1.589689522414314,-1.5905478040544792,-1.5908234058660244
-1.026089672096454,-0.8567970348168853,-0.8467470508491498
0.3891424920964889,-0.03095224868981625,0.0011920103722212851
1.0227162869719895,0.47691768325709993,0.5578531760773394
-0.6182274645295959,-0.2540427418531969,-0.18585451616664417
-0.2518318205900493,-0.23804174791020624,-0.24350354893387302
-0.030252045543914117,0.3848115451344356,0.42753147796991375
-0.6931471805599453,-0.6931471805599453,-0.6931471805599453
0.0,0.0,0.0
-0.6931471805599453,-0.6931471805599453,-0.6931471805599453
0.8587958209613902,0.3848115451344516,0.4275314779697952
-0.6931471805599453,-0.6931471805599453,-0.6931471805599453
0.0,0.0,0.0
0.0,0.0,0.0
-1.027204750648631,-0.9482655030856937,-0.9421357590424301
-1.5519430016441136,-1.0779587256943994,-1.120678658529125
-0.528073586876799,-0.5275348405372698,-0.5273620934587719
0.13557446842472876,0.20878784598569397,0.3118544234339081
