ho_likelihood,hol_likelihood,std_likelihood
-0.6931471805599453,-0.6931471805599453,-0.6931471805599453
-0.8584155454975569,-0.384754626440572,-0.42749013402846464
-0.46349486046774063,-0.46374469393543494,-0.46381881603975833
-1.0536462817159862,-1.0340575923139914,-1.1112223147188416
-1.1156204372479182,-1.367552907067836,-1.3864285017611921
0.0,0.0,0.0
0.0,0.0,0.0
0.1302388003690772,0.10569362680699239,0.2024083319767981
-0.6931471805599453,-0.6931471805599453,-0.6931471805599453
-0.6931471805599453,-0.6931471805599453,-0.6931471805599453
0.9878240326450967,0.9669523702186184,1.13236889079171
0.13023880037451613,0.10569362680709048,0.20240833197450703
-1.1197822497002794,-1.120441437110329,-1.1206373145897952
0.8584155455440923,0.3847546264405389,0.42749013402485464
-0.6931471805599453,-0.6931471805599453,-0.6931471805599453
0.5896081735027864,0.412990351721699,0.44290740848870463
0.0,0.0,0.0
-1.073412692947907,-0.41148886503800947,-0.45074006297818464
0.0,0.0,0.0
-0.4636643295745953,-0.4634144148867588,-0.46334017150165424
-0.9917722377378884,-0.9913486607612776,-0.991223046248007
0.0,0.0,0.0
0.0,0.0,0.0
0.0,0.0,0.0
-0.5475227280901055,-0.6904748792450953,-0.8364289784942409
0.0,0.0,0.0
0.0,0.0,0.0
0.0,0.0,0.0
-1.1218466310639563,-0.9065291833875986,-0.9470088158959367
