ho_likelihood,hol_likelihood,std_likelihood
-4.5239991405798285,-2.753990265193966,-3.305737679792606
-1.861230880654299,-0.21848440087654755,0.2902000127780759
-1.905563272391575,-2.4481504180212945,-2.698194593498339
-1.5807346448722168,-1.3351468193912308,-1.4845817367600858
-1.9855103244871146,-2.3205714028595144,-2.3110165477898965
-0.6879022255483825,-1.1266718486663565,-0.5265403999387283
-3.0489255354777414,-2.632168377665086,-3.046764630414326
-0.4138377637190671,-0.41698618699755036,0.19890000014656
-3.0661653540450433,-2.8573645637600062,-3.2570141391851704
-2.709498478608105,-3.017108713116102,-3.355579583367289
-0.9240030423410126,0.11212637508424067,1.0266818858555753
-3.585779144885553,-2.438464421984953,-2.6537240902832733
-3.196039777049655,-2.5724163229976957,-2.9630266910175607
-2.852269370483816,-2.601096120652535,-2.9078712627046954
-0.9288541239280371,-0.6590425429390626,0.12320983558639059
-2.7367714978378648,-2.572588242338996,-2.8640801564533733
-2.3763179523265876,-0.4084704574844579,-0.11553354494276212
-2.808608709923782,-2.384743185796888,-2.616855563111811
-0.5592725804138242,-0.5231170748746209,0.16750395416719305
-1.7362025982886198,-1.3930687764392553,-1.3619896626474233
-2.5992988490561704,-2.4270656533266712,-2.690061118350423
-2.405345667858444,-2.6432766067675275,-2.9983766362476056
-3.620108586432118,-2.8243624872966437,-3.269703367338067
-1.6671862636163053,-2.195124881150296,-2.1680938775649095
-2.3654734749652673,-2.119449572159621,-2.054387586505763
-0.8744420560070346,-0.16435098206765267,0.36894218068509615
-1.3752573200656542,-2.323763373312159,-2.3877167778865975
-0.6094552714166391,-0.9492376506063911,-0.17386241924022233
-1.2901334559119497,-1.2525283162553125,-0.9636911298567684
