ho_likelihood,hol_likelihood,std_likelihood
-0.6931471805599453,-0.6931471805599453,-0.6931471805599453
0.0,0.0,0.0
-0.6931471805599453,-0.6931471805599453,-0.6931471805599453
-1.2210951457733168,-1.2216383575660072,-1.2218079264077908
0.0,0.0,0.0
-0.2661898911971775,-0.2667210071632876,-0.26688654728293676
0.5281498755074077,0.5276070578629768,0.5274378689766409
0.026344658262558586,0.03725263174153955,0.11835520692706442
0.026344653745505226,0.03725263095040134,0.11835520724847684
0.8231549615371518,0.7988452176746647,0.8956090571942712
-0.6931471805599453,-0.6931471805599453,-0.6931471805599453
0.0,0.0,0.0
-0.6931471805599453,-0.6931471805599453,-0.6931471805599453
-0.9916920306664774,-0.991350604466041,-0.9912442010445222
-0.6931471805599453,-0.6931471805599453,-0.6931471805599453
0.0,0.0,0.0
1.1361206223164044,1.070961101689337,1.122112963877097
-0.9907375697986713,-0.9573268488014306,-1.1157487914909392
-0.6931471805599453,-0.6931471805599453,-0.6931471805599453
0.3674908430569807,0.3732738610121224,0.35785578237809945
-0.9916920306664191,-0.9913506038905369,-0.9912442010441147
-0.6931471805599453,-0.6931471805599453,-0.6931471805599453
0.0,0.0,0.0
0.0,0.0,0.0
-0.6931471805599453,-0.6931471805599453,-0.6931471805599453
-0.6931471805599453,-0.6931471805599453,-0.6931471805599453
0.0,0.0,0.0
-0.059955773332268286,0.30950019398425294,0.3754743270196583
-0.9975195571791401,-0.9339127396856894,-0.9243084232850831
