ho_likelihood,hol_likelihood,std_likelihood
0.0,0.0,0.0
0.0,0.0,0.0
0.0,0.0,0.0
-0.36337589897498423,-0.45821836723716924,-0.353702179660954
0.0,0.0,0.0
0.0,0.0,0.0
0.0,0.0,0.0
-0.6931471805599453,-0.6931471805599453,-0.6931471805599453
1.1875038291498545,0.34874683736836626,1.2974542278517107
0.8586372389060666,0.3847982465518203,0.9104823151561153
-0.8167360107881239,-0.4996690584194304,-0.8493814807599714
0.5281585478343522,0.527550990811669,0.5280613799811745
-0.6931471805599453,-0.6931471805599453,-0.6931471805599453
0.5281585478341776,0.5275509892284658,0.5280613799816708
-0.6931471805599453,-0.6931471805599453,-0.6931471805599453
-0.463538938181253,-0.46376435321741105,-0.46357498335804126
-0.5386865977428831,0.02496356324053007,-0.45114416501943105
0.5281585478343629,0.5275509927980602,0.5280613799816555
-1.519856033850059,-1.5188663312719497,-1.5196977433297887
0.0,0.0,0.0
-1.8670010656096292,-1.4240984063158697,-1.9231164963412593
-0.6931471805599453,-0.6931471805599453,-0.6931471805599453
-0.6931471805599453,-0.6931471805599453,-0.6931471805599453
0.0,0.0,0.0
0.8231706743892448,0.7987652176602651,0.9105329683016447
0.0,0.0,0.0
0.0,0.0,0.0
-0.662748386702065,-1.077945427109627,-0.6931244684363476
-0.528158547834252,-0.5275509872926573,-0.5280613799970354
