ho_likelihood,hol_likelihood,std_likelihood
0.0,0.0,0.0
0.5281661019646602,0.5278228273690518,0.5281430963992079
-0.6931471805599453,-0.6931471805599453,-0.6931471805599453
-0.6931471805599453,-0.6931471805599453,-0.6931471805599453
-0.6931471805599453,-0.6931471805599453,-0.6931471805599453
0.0,0.0,0.0
-0.5280042703234515,-0.1015320590412007,-0.48841460663806446
-0.6931471805599453,-0.6931471805599453,-0.6931471805599453
0.0,0.0,0.0
0.0,0.0,0.0
0.030411837099787984,-0.38457452747761467,0.0001715192545252795
-0.5281661019637077,-0.5278228282213937,-0.5281430964077025
0.8586231392397898,0.38457452747602805,0.9103164012874609
