ho_likelihood,hol_likelihood,std_likelihood
0.0,0.0,0.0
-0.6931471805599453,-0.6931471805599453,-0.6931471805599453
0.528000446344866,0.5282924067713695,0.5283791729713769
-0.6931471805599453,-0.6931471805599453,-0.6931471805599453
-0.7084084563435625,-0.5192285390084495,-0.5021955213345235
0.0,0.0,0.0
-0.5280004463495723,-0.5282924066249401,-0.5283791729655555
-0.6931471805599453,-0.6931471805599453,-0.6931471805599453
-0.6931471805599453,-0.6931471805599453,-0.6931471805599453
0.0,0.0,0.0
-1.351060291943783,-1.3274208312813922,-1.424435512112695
-0.46359758828590697,-0.46348928859347344,-0.463457103742157
0.5280973776795431,0.5278055368910427,0.5277188780763052
