ho_likelihood,hol_likelihood,std_likelihood
0.2561389175582508,0.23491925496132296,0.6961490945606413
-0.9902381147600305,-1.0034615620141656,-0.9896552384723214
-1.3862943611198906,-1.3862943611198906,-1.3862943611198906
-1.3862943611198906,-1.3862943611198906,-1.3862943611198906
0.08078507255265485,0.011039370537812548,0.3084909487911309
-1.3862943611198906,-1.3862943611198906,-1.3862943611198906
-0.8458133339759633,-0.9904802260622224,-0.965316320853969
-1.3797719349225617,-1.404365411353062,-1.4580003149072807
-1.3862943611198906,-1.3862943611198906,-1.3862943611198906
-1.3862943611198906,-1.3862943611198906,-1.3862943611198906
-1.2745053045526942,-1.2696667087886304,-1.250304921800352
-1.5665068040267194,-1.5381502378759104,-1.6570073279243058
-1.2261309236405027,-1.0067047409305365,-0.9925490877956747
