ho_likelihood,hol_likelihood,std_likelihood
-0.6589615999598882,-0.6426935670979186,-0.7106360820793984
-0.6931471805599453,-0.6931471805599453,-0.6931471805599453
0.0,0.0,0.0
0.0,0.0,0.0
-0.35323310546442765,-0.5192341573176333,-0.5022051105862437
0.0,0.0,0.0
-0.6931471805599453,-0.6931471805599453,-0.6931471805599453
-0.6931471805599453,-0.6931471805599453,-0.6931471805599453
-0.16508495189565417,-0.1653247633158709,-0.16540351154188615
0.8588170304336706,0.3845748739832011,0.42715735049510917
0.0,0.0,0.0
-1.1870238283164902,-1.1705159837239918,-1.2383797509851477
-0.6931471805599453,-0.6931471805599453,-0.6931471805599453
