ho_likelihood,hol_likelihood,std_likelihood
-0.03027427349142592,0.38460095865132415,0.4272058836258725
0.0,0.0,0.0
0.7193803329583336,0.7306584416618159,0.811906299785011
-0.6931471805599453,-0.6931471805599453,-0.6931471805599453
-0.6931471805599453,-0.6931471805599453,-0.6931471805599453
0.0,0.0,0.0
-0.6931471805599453,-0.6931471805599453,-0.6931471805599453
0.8230400563194189,0.7991072435356292,0.8960169567322002
-0.6931471805599453,-0.6931471805599453,-0.6931471805599453
-0.6589678710662933,-0.6426940811664542,-0.7106296279807762
-0.6931471805599453,-0.6931471805599453,-0.6931471805599453
0.0,0.0,0.0
0.0,0.0,0.0
