ho_likelihood,hol_likelihood,std_likelihood
-0.43369776290918766,-0.4907267524733415,0.062000297844567426
-2.154906556747445,-1.8322454027997608,-1.8026206833818939
-1.8422052113992076,-2.6493896613543253,-3.034390845414667
-3.1608463599074326,-2.402703098091986,-2.618311306938589
-1.8607036903797367,-2.296566743952424,-2.5068402947408246
-1.2137407629245451,-0.8933917566062171,-0.37479055414032597
-1.7741763054877004,-1.77178833790644,-1.7319189952532195
-1.3443301681588962,-1.5948225623142236,-1.425412160215055
-1.9181571779887414,-1.9555895916099935,-1.9200965239432788
-2.9653870232558774,-2.373612341297588,-2.6390076765586654
-4.530338040375983,-2.8876179254187573,-3.1847787227412505
-0.39014612445097135,-1.233206470592489,-0.9969691619325404
-0.6189438810870902,-0.4866390030688236,0.034397871528286224
-3.063400131079403,-2.5835165670693425,-2.9606499408294176
-1.6508425481382736,-2.553772000722495,-2.9807142025398083
-2.6603691020581692,-0.6915969366679803,0.7499608487936033
-0.9607578344275917,-1.0330756113008897,-0.80004071946494
-2.2052914152079284,-2.0921002165067892,-2.16761470636198
-1.908617317732959,-1.9074911275339732,-1.8403488198814528
-0.23895296010463965,-0.542480788651427,-0.056447300395528845
-1.7924693579523001,-1.8722873404154114,-1.8538695723037117
-0.4430284129183644,-1.4333987671295316,-1.1315809785322684
-1.243836232863193,-2.1531948332643305,-2.158674471835575
-1.350444577817924,-0.8346763386081834,-0.24975550943294736
-2.3030562242427752,-2.0065469108065748,-1.988238428192682
0.23786482982974,-0.0071483788401005815,-0.00047614649155499993
-1.5306596040547296,-2.640952407350707,-3.217535877573182
-2.914719595895564,-2.649084466519194,-3.1563928547588067
1.0789915890444872,1.1940981443988532,1.7401543969607505
