ho_likelihood,hol_likelihood,std_likelihood
-0.5280443154477292,-0.5274786568112378,-0.5279475364478982
0.0,0.0,0.0
0.0,0.0,0.0
-0.6931471805599453,-0.6931471805599453,-0.6931471805599453
-0.6931471805599453,-0.6931471805599453,-0.6931471805599453
0.0,0.0,0.0
0.5280535036232111,0.5286198551503513,0.5281503044617067
-0.6931471805599453,-0.6931471805599453,-0.6931471805599453
-0.6931471805599453,-0.6931471805599453,-0.6931471805599453
-0.7687412574621117,-0.74933889046042,-0.7888800186063292
-0.6931471805599453,-0.6931471805599453,-0.6931471805599453
-0.6931471805599453,-0.6931471805599453,-0.6931471805599453
-0.6931471805599453,-0.6931471805599453,-0.6931471805599453
0.0,0.0,0.0
-0.5280443154477269,-0.5274786568398485,-0.5279475364428915
0.0,0.0,0.0
-1.221200684183166,-1.2217670356023802,-1.2212974850056149
-1.2120736239724963,-0.9039773870795578,-1.248782449186731
-0.6931471805599453,-0.6931471805599453,-0.6931471805599453
-0.6931471805599453,-0.6931471805599453,-0.6931471805599453
-0.6931471805599453,-0.6931471805599453,-0.6931471805599453
-0.9916314088722149,-0.9919876977768594,-0.9916923004944088
0.5280443154478259,0.5274786568740693,0.527947536446539
0.0,0.0,0.0
0.0,0.0,0.0
-0.6931471805599453,-0.6931471805599453,-0.6931471805599453
-0.6931471805599453,-0.6931471805599453,-0.6931471805599453
0.0,0.0,0.0
-0.6931471805599453,-0.6931471805599453,-0.6931471805599453
