ho_likelihood,hol_likelihood,std_likelihood
-3.171956631187477,-2.903217955391602,-3.6999078921160033
-3.873949830841868,-3.2525220146105682,-3.9159860024470468
-3.220597859509484,-2.673148486203843,-2.906685552749943
-1.8484486591592653,-3.1411128693052524,-3.7978778331179783
-1.6837715689960062,-2.6437604212159047,-2.9584486576546127
-0.7052350485030736,-1.1383356810546412,-0.9543746120124043
-3.679118333476876,-2.6958267357560657,-2.9637360218610556
-0.8032392917692566,-0.5200805149887184,0.5559442759382078
-2.648551017901598,-2.491484263690095,-2.582518285883478
-2.8343685294991454,-2.5864789543407434,-2.7629936165463085
-4.589190723287226,-2.8961772963624637,-3.327102639002156
-2.4893982650681417,-2.368876105311382,-2.333775864646828
-0.7325636790434512,-2.6820634667509453,-2.952144895950491
-2.7873022569233927,-1.0246687767144462,-0.16067902639503132
-1.2092749304968236,-0.7659880043905353,0.017653551189426773
-3.3648190397702016,-2.6220962839226702,-2.8959895750446543
-2.7338815525938296,-2.6558202065655254,-3.1092424109901575
-2.2278096424654485,-2.3252146848570185,-2.299386889746208
-0.41122361192356705,-0.6486022679276872,0.39842200948444184
-3.0490663855565243,-3.8560858710778056,-4.3809089848497065
-1.1693146659217466,-2.708018296127601,-2.9607342147279
-1.7495110906861657,-0.7383896279968872,-0.9544018743860104
-2.5220144691428152,-2.4533585910786533,-2.642658755545771
-1.649516871706214,-2.5727229301070027,-2.6135472869897227
-2.0753020646670852,-2.867159554013886,-3.176223281643125
-2.7049834246557936,-2.389354029927414,-2.3552228442164322
-1.9087094510069442,-2.719808077164392,-3.4009177672963333
-1.917543777975506,-2.4178321835162966,-2.387041265332364
-2.54919321716651,-1.1501385153951778,-0.5049733969804264
