ho_likelihood,hol_likelihood,std_likelihood
-3.1780538303479458,-3.1780538303479453,-3.1780538303479458
-3.1780538303479458,-3.1780538303479453,-3.1780538303479458
-3.1780538303479458,-3.1780538303479453,-3.1780538303479458
-1.8024575827942202,-2.0021417198537685,-1.8962914002738487
0.2098572056227758,0.055189054441443564,0.5974315705985281
-0.05054080090355096,-1.413406610239198,0.12381187894068578
-1.1776201733203342,-1.219027574016994,-1.0617571469608988
-3.349691614282367,-3.4887637991837086,-3.4753997179228553
-0.6005642710493277,-2.2502705784542902,-0.3555669428053651
-3.6210168211895373,-3.5612083709703897,-3.780423779716853
0.7252826872346423,-0.22191461688477593,1.207635032740449
-0.5602752536762593,-1.5351546543637835,-0.14094987902152484
-1.791759469228055,-1.791759469228055,-1.791759469228055
