ho_likelihood,hol_likelihood,std_likelihood
0.5280699074912154,0.5277983270706433,0.5277020765924508
0.0,0.0,0.0
-0.6931471805599453,-0.6931471805599453,-0.6931471805599453
0.0,0.0,0.0
0.0,0.0,0.0
0.0,0.0,0.0
0.0,0.0,0.0
-0.6931471805599453,-0.6931471805599453,-0.6931471805599453
0.5900426429725741,0.6528218654739404,0.7273971447469632
0.0,0.0,0.0
-0.16507727306329828,-0.16534885337185315,-0.16544510396749418
0.0,0.0,0.0
0.0,0.0,0.0
