ho_likelihood,hol_likelihood,std_likelihood
-1.7485251100888968,-1.5437729927364565,-1.5328746225986285
-2.476465724386307,-2.1431427329083803,-2.32380623520083
-2.1626241842476643,-2.090855655954341,-2.2491676479168543
-1.7184359535962213,-1.673838414892477,-1.6401961257382196
-2.0486409808337176,-1.6503608666677572,-1.621859606459996
-2.3701469353233158,-2.030866918304512,-2.223375625615024
-0.2654775374191598,-0.2339713028880235,0.21800613353971615
-0.8457577330420735,-0.9130016133206617,-0.8860830253931219
-1.2186396469186782,-1.4969532371704468,-1.4740781300915216
0.4038728559703234,0.3654446933558776,0.6893117484727207
-1.6652358805842233,-2.7515606321029957,-2.9635407339384496
-1.7561020687682212,-1.7097462332786864,-1.6957880787356288
0.05474542712092592,-0.19452370744511369,0.39478893748593924
-1.7790681517882172,-1.4898742018801323,-1.44147583891714
-1.791759469228055,-1.791759469228055,-1.791759469228055
-1.2362484603883594,-1.497354888806783,-1.4679397890157486
0.6363886347737511,0.7793097271424549,1.3925477507664221
-0.004130215517522243,0.07044903299638033,0.847695692089672
-0.05593428600032712,-0.24526133395548683,0.26284490392126286
-1.6094379124341005,-1.6094379124341003,-1.6094379124341003
-3.0753221215987656,-2.276284791641414,-2.6229955912749805
-1.6965326969030385,-1.5217424292582136,-1.5079156355843137
-1.2857005073149665,-1.501934695586392,-1.4769313348456576
-0.6623095615142975,-0.7292396752163405,-0.47161373123557415
-2.1824427719281765,-2.1265471324709466,-2.3227657663172905
-2.3967147248073313,-1.6940000900952696,-1.7187788189046855
-1.723304098848673,-1.604555341226867,-1.5555978840841236
-1.9112559133680396,-1.4467425411399084,-1.402473289835662
-2.5741241941475845,-2.752545689855846,-3.0971591760565778
