ho_likelihood,hol_likelihood,std_likelihood
-1.0983508742175134,-1.0184013902822506,-1.0032834594313482
-1.0986122886681098,-1.0986122886681096,-1.0986122886681096
0.4619249319500716,0.31708260024329743,0.7393270177781976
-0.9714545218295023,-1.0163312352442473,-1.0011919894592543
-1.0252994666654356,-1.660806182996947,-1.7648153903158783
-1.0404025873855125,-1.018460523109289,-1.0033379614148972
-1.3862943611198906,-1.3862943611198906,-1.3862943611198906
-0.8595650748300576,-1.0037105581067036,-0.9890271254241486
-1.013290581777546,-1.0064113492356948,-0.9919573629301013
-1.76733648450492,-1.2633595171955594,-1.2414889289228
0.44030839638069297,0.0701340507460097,0.376402546841119
-1.3229952104690108,-1.3179527962902873,-1.307388415389324
-1.082987066184324,-0.865979531100812,-0.8117892236510685
-1.0986122886681098,-1.0986122886681096,-1.0986122886681096
-1.168882271154849,-1.3267080422167792,-1.315628032542612
-2.280399848289822,-1.4975591094071212,-1.5090755035333454
-0.6334944399852513,-0.8391817690393408,-0.7779245236970406
-1.2397968395384018,-1.6313835406524093,-1.7581098405801145
-0.9349606385423985,-1.018390322969292,-1.0032622762929218
-0.8565552458755333,-0.9363963531824709,-0.8959485048876237
-1.3862943611198906,-1.3862943611198906,-1.3862943611198906
-1.380112812179077,-1.4054558824983974,-1.4602892163677657
-1.4493528576187789,-1.2844062505403786,-1.2691452520630635
-0.8130256374091445,-1.0176391844065629,-1.0020752726548345
-0.9790300207826302,-0.9408779427313121,-0.9304310933353327
-0.8020483295417598,-0.9411661070999583,-0.9080295956344878
-0.07133945415514664,0.1102869921079993,0.37358816295053776
-1.0412191211337707,-1.0329182510917734,-1.0301099692895457
-1.282860259069042,-1.245177570293155,-1.2218914647313457
