ho_likelihood,hol_likelihood,std_likelihood
-0.6931471805599453,-0.6931471805599453,-0.6931471805599453
-0.030091699605818034,0.3846456614565127,0.0002381847169080051
-0.5275868203949658,-0.9681505578726776,-0.5307155042007341
-0.6931471805599453,-0.6931471805599453,-0.6931471805599453
-0.6782145151171106,-0.9038511491671155,-0.6932662786265724
-2.1669032529972596,-2.539369579084337,-2.3769887452114142
-0.6931471805599453,-0.6931471805599453,-0.6931471805599453
0.8589691334714712,0.3846456614290034,0.9107732739546985
-0.6931471805599453,-0.6931471805599453,-0.6931471805599453
-0.6931471805599453,-0.6931471805599453,-0.6931471805599453
-0.6931471805599453,-0.6931471805599453,-0.6931471805599453
0.0,0.0,0.0
0.0,0.0,0.0
