ho_likelihood,hol_likelihood,std_likelihood
-1.2897296105485054,-1.0338935328058783,-1.03198814231258
-1.3862943611198906,-1.3862943611198906,-1.3862943611198906
-1.4100687556499027,-1.3269389312687816,-1.3160890210931424
-1.3862943611198906,-1.3862943611198906,-1.3862943611198906
-1.28518154880644,-1.0168585342861054,-1.0022802915970426
-1.1659368901412086,-0.9444518122242576,-0.9213520406188627
0.04068637970980291,0.0705094521265368,0.3750272622924725
-1.0986122886681098,-1.0986122886681098,-1.0986122886681096
-1.396866816116304,-1.3284446801695846,-1.3176292259517255
-1.3862943611198906,-1.3862943611198906,-1.3862943611198906
-1.0986122886681098,-1.0986122886681098,-1.0986122886681096
0.3638478667262651,0.10597562667903737,0.4177109734196715
-1.4608329705576306,-1.2962194847380044,-1.285386643669259
