ho_likelihood,hol_likelihood,std_likelihood
0.0,0.0,0.0
-0.5279249555654602,-0.5282531729262497,-0.527958566549478
-0.6931471805599453,-0.6931471805599453,-0.6931471805599453
0.0,0.0,0.0
0.0,0.0,0.0
-0.6931471805599453,-0.6931471805599453,-0.6931471805599453
-0.823196673225244,-0.7991843526610948,-0.9106911461686897
0.0,0.0,0.0
0.0,0.0,0.0
0.0,0.0,0.0
0.0,0.0,0.0
0.0,0.0,0.0
-0.6931471805599453,-0.6931471805599453,-0.6931471805599453
