ho_likelihood,hol_likelihood,std_likelihood
0.12997192069867136,0.10551636555543326,0.2173158423660173
-0.22980142138183257,-0.8082386994249474,-0.1408329465487629
-0.3639901531061101,-0.3715151918222604,-0.33814076461236975
0.0,0.0,0.0
0.0,0.0,0.0
0.0,0.0,0.0
0.5685085907493775,0.6564411714669286,0.5763485752211701
0.0303496318706751,-0.3848569339334705,-4.001403317467319e-05
0.0,0.0,0.0
-0.6931471805599453,-0.6931471805599453,-0.6931471805599453
0.00014110539063397795,-0.0009902453986209518,-3.821658832690019e-05
-0.4183098088403557,-0.3868147343651829,-0.40036462125800093
-0.6931471805599453,-0.6931471805599453,-0.6931471805599453
-0.03034963196107156,0.3848569339359574,4.001241041855628e-05
-0.4183098138486806,-0.38681473436647223,-0.40036462127364736
-0.6931471805599453,-0.6931471805599453,-0.6931471805599453
0.0,0.0,0.0
-0.6931471805599453,-0.6931471805599453,-0.6931471805599453
-0.6931471805599453,-0.6931471805599453,-0.6931471805599453
0.8231191011179655,0.7986635461143246,0.9104630242570143
-1.5198096633004128,-1.5187502605550394,-1.5196416384521751
0.11118829075936085,0.4085078811474423,0.13828952320009008
-0.6931471805599453,-0.6931471805599453,-0.6931471805599453
-0.6931471805599453,-0.6931471805599453,-0.6931471805599453
0.5281300830580674,0.5274797321089648,0.5280269392379681
-0.6931471805599453,-0.6931471805599453,-0.6931471805599453
0.12997192074702138,0.105516365555489,0.2173158419924223
-0.6931471805599453,-0.6931471805599453,-0.6931471805599453
0.0,0.0,0.0
