ho_likelihood,hol_likelihood,std_likelihood
-0.773620054660604,-0.2898508721171355,-0.79602439015807
-0.6931471805599453,-0.6931471805599453,-0.6931471805599453
-0.8229971644545979,-0.7990423723677268,-0.9104365821595136
-0.6931471805599453,-0.6931471805599453,-0.6931471805599453
0.5280627805465752,0.527745226828857,0.5280139214305278
-0.6931471805599453,-0.6931471805599453,-0.6931471805599453
0.5055825810295954,-0.13457008286915859,0.5724711320317718
0.0,0.0,0.0
0.0,0.0,0.0
-0.27823651952361345,-0.2838406733706273,-0.26405681938302067
0.0,0.0,0.0
0.0,0.0,0.0
0.0,0.0,0.0
