ho_likelihood,hol_likelihood,std_likelihood
-2.1690758298364656,-1.8980458562898388,-2.089829998303426
-1.2117731197216841,-1.3139585683056194,-1.3040770921392753
-0.6019637209145189,-1.486097542476401,-1.4647295473419324
-0.5270098949654678,-0.5750976223256214,-0.37666563403318326
-1.6462906166255724,-1.210907808858194,-1.1757559984250945
-0.01212481693493305,-0.11925224984535608,0.25293877588923436
-1.8128283876556806,-1.4665372820859113,-1.5143682502751927
-0.26418798073871,-0.18655234845928068,0.11072039819296287
-1.3137922886842976,-1.3157389561573298,-1.3064845077826714
-2.627265230614685,-1.0410064450170295,-1.0520234940349347
-1.9555139362536833,-1.6648355595008328,-1.8099993555146585
-1.0141591247861341,-1.003711094153375,-0.9894674737267879
-1.111626515300809,-0.9551488626743933,-0.934204940132686
-1.0986122886681098,-1.0986122886681098,-1.0986122886681096
-0.9541641661330992,-0.46561124189527014,-0.3088619850632833
-1.196837217355234,-0.8325107769990528,-0.7563203092544787
-0.25007083429513893,-0.43047549924081735,-0.2438067820822728
0.315174421006118,0.03182358045858586,0.30536681475711563
-0.333093939640558,-0.35112278289885346,-0.12383312572413716
0.24469270643717064,0.07390756545733823,0.35883057767391724
-0.9665199650987095,-1.0184428625872255,-1.0033150987143609
-0.09795345996146454,-0.3216652430377469,-0.07189888752028527
-1.034689841201234,-1.9982874527701675,-2.1998822567992
-1.6123363115464424,-1.3250944292126476,-1.3135651174473388
-0.10130689947318977,0.1619380400424368,0.8393777888576492
0.15778242215940674,0.07493598422502275,0.3722704855307377
-1.0986122886681098,-1.0986122886681098,-1.0986122886681096
-1.2932249496143304,-1.0043724798539035,-0.9902015112165777
-1.1229778283437701,-1.0184428625872255,-1.0033150987143609
