ho_likelihood,hol_likelihood,std_likelihood
0.1300286498292453,0.10597229307231076,0.21749746278878287
-0.6931471805599453,-0.6931471805599453,-0.6931471805599453
-0.6931471805599453,-0.6931471805599453,-0.6931471805599453
0.0,0.0,0.0
0.030403712204619567,-0.3845939081111808,0.00012285403670178323
-0.6931471805599453,-0.6931471805599453,-0.6931471805599453
0.5357474467096613,-0.5192264484988753,0.5723262524673647
0.06431512219432862,0.06481172842368822,0.0643768261464306
0.0,0.0,0.0
-0.6931471805599453,-0.6931471805599453,-0.6931471805599453
-0.16498578645696946,-0.16534791418388606,-0.16503081039758072
-0.4182907686113847,-0.38666863429897824,-0.4003049391644336
-0.00998062725796049,-0.034072628565354,0.1189184375752405
