ho_likelihood,hol_likelihood,std_likelihood
-1.2122406539850603,-0.9040294778430871,-1.249019002625749
-0.6931471805599453,-0.6931471805599453,-0.6931471805599453
-0.3641079496053005,-0.3715627116330827,-0.33828213403873675
0.12958588338376686,0.1053632377893184,0.21682319019924595
0.0,0.0,0.0
-0.6931471805599453,-0.6931471805599453,-0.6931471805599453
1.0843426058206387,0.7064669945532296,1.1007667460456856
-0.6931471805599453,-0.6931471805599453,-0.6931471805599453
0.32823728396996404,0.30236765904442614,0.4446368538570144
-0.07380007131481843,0.23251749986666684,0.11977503929830263
0.0,0.0,0.0
0.0,0.0,0.0
0.0,0.0,0.0
-0.6931471805599453,-0.6931471805599453,-0.6931471805599453
-0.6931471805599453,-0.6931471805599453,-0.6931471805599453
0.0,0.0,0.0
-0.9672984181508739,-1.0059646491123295,-0.9711342563132542
-0.7472512612271056,-1.1117499198163172,-0.7704988563358819
-0.8938195454504698,-0.897232677500837,-0.885705555022349
-0.9917115182017586,-0.9920547241507238,-0.9917950398177103
-0.5923321335384172,-1.018198330985151,-0.616747746674977
0.0,0.0,0.0
-0.6931471805599453,-0.6931471805599453,-0.6931471805599453
1.3509139184998615,1.3272368043711007,1.4382839945097385
-0.8590882549724068,-0.38494535880452685,-0.9110452460840734
0.0,0.0,0.0
-0.8015391887821384,-0.6565937177448143,-0.8187630790271803
1.0843426062548065,0.7064669943935443,1.100766748444096
-0.5210796791042094,-0.48278176762437114,-0.5227054839299005
