ho_likelihood,hol_likelihood,std_likelihood
-2.6294184011887487,-1.5801838648935491,-1.5981991329175689
-0.9621417031263422,-0.9093304816143414,-0.7009030848344533
-1.5026738124238266,-1.306802483610998,-1.288428028279677
-1.1626772063912816,-1.1327482518967673,-1.0811493194899378
-0.05892973696328146,-1.3228283976270125,-1.2946279784120969
-0.6859973449166542,-0.79719194897554,-0.7155496112323615
-0.8616271621858924,-1.5479326726017764,-1.6383085111799691
0.08091342179197751,0.008383202424884748,0.3036219569897543
-1.49708482879626,-1.3265160189943255,-1.3154858854939522
-1.786275979175098,-1.7112112715631616,-1.7936320739341005
-1.7391094930907223,-1.5812168793572547,-1.617103935890271
-1.8053644030360865,-1.768137787692614,-1.9677439931289058
0.38805375057600244,0.3826891929985799,0.5668922035688393
-0.8253727894666133,-0.9678416847614334,-0.9457336958467316
-0.6331611300045161,-1.137427111312544,-1.102812273600062
-1.0986122886681098,-1.0986122886681096,-1.0986122886681098
-1.3347442672914682,-1.2073981991957252,-1.179182880413125
-1.523440514403655,-1.6323737583116624,-1.676048349379162
-0.8297623837984699,-0.8678469872599361,-0.8367739820536746
-0.002970448133468768,0.060177776504505114,0.28299233867242585
-0.28910801429101673,-0.2068965526565006,0.09249409483722984
-0.06971117708547417,-0.009878467544221994,0.44644710813197214
-1.140055864465038,-0.9101103740487179,-0.8781875759858427
-0.7342856770291601,-0.8885636146252873,-0.8397603153778375
-1.606110873580674,-1.3302899660712881,-1.3096521148710676
-1.2351377990915868,-1.0045511561985847,-0.9904937918026939
-1.4002836926359759,-1.1384587433661988,-1.0828860980261807
-1.0732823336528374,-1.0344930528457523,-1.0036331951382726
-1.6455613189114096,-1.7560412828341436,-1.9059118142019043
