ho_likelihood,hol_likelihood,std_likelihood
-0.7524140668067153,-0.7518462835885314,-0.751617076681196
-0.3308235145707567,0.14376945120556012,0.10120866726303229
-0.6931471805599453,-0.6931471805599453,-0.6931471805599453
0.0,0.0,0.0
-1.6907754743775036,-1.1481011524303502,-1.2191678172515747
-0.6931471805599453,-0.6931471805599453,-0.6931471805599453
0.0,0.0,0.0
0.0,0.0,0.0
0.0,0.0,0.0
-0.6931471805599453,-0.6931471805599453,-0.6931471805599453
-0.29942180757143033,-0.5030058596890428,-0.4913837677292538
-0.6931471805599453,-0.6931471805599453,-0.6931471805599453
0.970000762471652,0.942661854821469,1.0696698502976716
0.0,0.0,0.0
0.8229082509667329,0.7986028121023281,0.8952376499716515
-0.6694181071973938,-0.6364113158970471,-0.6325168219600026
0.0,0.0,0.0
0.0,0.0,0.0
0.14768679868779647,-0.29009042358207887,-0.30721810878014316
0.5280841186253418,0.5286614514847413,0.5288947974974885
-0.6931471805599453,-0.6931471805599453,-0.6931471805599453
0.0,0.0,0.0
-0.34212692550031454,-0.34186080412692793,-0.3417533005900655
-0.6931471805599453,-0.6931471805599453,-0.6931471805599453
0.0,0.0,0.0
0.0,0.0,0.0
-0.6931471805599453,-0.6931471805599453,-0.6931471805599453
0.12976107041036922,0.10545563154270271,0.20209046941175401
0.0,0.0,0.0
