ho_likelihood,hol_likelihood,std_likelihood
0.0,0.0,0.0
0.0,0.0,0.0
0.0,0.0,0.0
-0.6931471805599453,-0.6931471805599453,-0.6931471805599453
0.5280694858562701,0.5277758408761546,0.5280247357890605
0.8588034769674578,0.38461315910997296,0.9105567367175983
-1.1319892103167508,-0.2405666673400449,-1.1240808570777532
-0.9873112684583705,-0.9673016371429893,-1.1723870721519767
-0.6931471805599453,-0.6931471805599453,-0.6931471805599453
-1.0557565575171604,-0.392904567153957,-1.0082467436034463
-0.6931471805599453,-0.6931471805599453,-0.6931471805599453
-0.6931471805599453,-0.6931471805599453,-0.6931471805599453
-0.6931471805599453,-0.6931471805599453,-0.6931471805599453
