ho_likelihood,hol_likelihood,std_likelihood
0.12992636707893848,0.10547617074391867,0.2172564950122601
-0.4606512912907341,0.10532489003494803,-0.4019874490067201
0.0,0.0,0.0
-0.6931471805599453,-0.6931471805599453,-0.6931471805599453
-0.6931471805599453,-0.6931471805599453,-0.6931471805599453
0.0,0.0,0.0
0.0,0.0,0.0
-0.6931471805599453,-0.6931471805599453,-0.6931471805599453
0.8814320892189481,0.39806571386409995,0.9328529116929032
-0.32273885312091494,-0.2402606220075636,-0.3343834766154714
-2.010151147145063,-1.9687743675192484,-2.1589651438647106
-0.6931471805599453,-0.6931471805599453,-0.6931471805599453
1.2591850073216546,1.1531712776870535,1.338863576778468
-1.211994125949358,-0.9039906692585838,-1.2487097529514155
0.8587372921514524,0.38488014059055803,0.9106116191916137
-0.6931471805599453,-0.6931471805599453,-0.6931471805599453
-0.6931471805599453,-0.6931471805599453,-0.6931471805599453
-1.5170399334876896,-1.517523958189029,-1.8078349166145913
-0.46355882410416777,-0.46380125104661357,-0.46359860127680497
-0.4900962499177096,-1.0282666643132699,-0.5296708689363453
-0.6931471805599453,-0.6931471805599453,-0.6931471805599453
0.5582990890065423,0.14376687831187523,0.5280068674140573
-0.6931471805599453,-0.6931471805599453,-0.6931471805599453
1.3868422320462066,0.9123317009296027,1.4386093346344542
-0.3640040518152582,-0.37152766490583267,-0.3381577921820329
-0.8652549889787156,-0.465103326310101,-0.9183946901336156
-0.5210009087457187,-0.48275054876112217,-0.5226149364269532
-0.6931471805599453,-0.6931471805599453,-0.6931471805599453
-0.5281049401343255,-0.5274515607998592,-0.5279977158006515
