ho_likelihood,hol_likelihood,std_likelihood
-0.9206965626734183,-0.8912665741507688,-0.8515624452542453
-1.424595330307244,-1.8268567361659565,-1.8543770235576116
-1.3862943611198906,-1.3862943611198906,-1.3862943611198906
-1.5488752833044737,-1.317033251220209,-1.299146805178872
0.24901680570880655,0.007284280101840636,0.20205130562083154
-1.3336080758207858,-1.0268104813241408,-1.0147641230672022
-1.8832706632000342,-1.9044963269238517,-2.086349961584098
-1.461859076347122,-1.3440548531018073,-1.3352809988827996
-1.2470179029051403,-1.3099217818216218,-1.302134705425084
-0.8582493412971286,-1.033466025475228,-1.0323371759213278
-0.9380327644978309,-1.0253143253682175,-1.0110000626970264
0.3311002470343721,0.1977422655723185,0.2729207825041458
-1.068756951602782,-0.9129578882361388,-0.8957651214782137
0.9331404684837155,0.7430741142784012,1.0446572775377019
1.1380183567036783,0.8762812438763573,1.1928342924817428
-1.0986122886681098,-1.0986122886681098,-1.0986122886681096
-0.7006309247586286,-0.8240240343605627,-0.7823628319065817
-1.210904497753332,-1.3350806844187235,-1.331246440608589
-0.7734593328619184,-0.9313343538183104,-0.883706551990276
-0.3101666814537439,-0.5681473383471971,-0.3657996392690034
-1.736943491804899,-1.814209763200525,-2.0529386473413545
-1.3862943611198906,-1.3862943611198906,-1.3862943611198906
-0.8193986523099271,-1.000932866246977,-0.9873247194182052
-2.5807538867387088,-1.465587812230504,-1.4598649136001012
-1.3862943611198906,-1.3862943611198906,-1.3862943611198906
-1.0986122886681098,-1.0986122886681098,-1.0986122886681096
-1.5039747186321524,-0.9923660595057104,-0.9700600400537206
-1.188648083008684,-0.9663593928905413,-0.9533353608591784
0.14677637893329581,0.04406632348024252,0.32344657741622757
