ho_likelihood,hol_likelihood,std_likelihood
0.01741257781101898,0.1332831160281102,0.07814508168483662
0.528361540286252,0.527748472643531,0.528310854601794
0.0,0.0,0.0
0.8807180782657592,0.3974965396930549,0.9319422963832392
-0.655509720900941,-0.7505585169845419,-0.7091015467588028
-0.6931471805599453,-0.6931471805599453,-0.6931471805599453
-0.20500978107105888,-0.02936364466532387,-0.17892729848121547
-0.9914320077248898,-0.9918176336962538,-0.991463848086977
0.0,0.0,0.0
-0.6931471805599453,-0.6931471805599453,-0.6931471805599453
-0.6931471805599453,-0.6931471805599453,-0.6931471805599453
-0.1880063129819447,-0.443892118061049,-0.20975776736036775
0.2664975054757795,0.3862210246823158,0.3515861303055907
-1.4422039060421157,-1.3969048561065303,-1.550721387748715
-0.6931471805599453,-0.6931471805599453,-0.6931471805599453
-0.6931471805599453,-0.6931471805599453,-0.6931471805599453
-0.8582586003901186,-0.38463569482074733,-0.9099759877980924
0.06404096557192737,0.06488144353988101,0.06411037267317146
-0.6931471805599453,-0.6931471805599453,-0.6931471805599453
0.0,0.0,0.0
-0.16478564027394882,-0.1653987079097095,-0.1648363259512571
0.31832920834107287,-0.2516499986116015,0.2987373331269016
-1.6751260052004757,-1.6370157228634898,-1.8137506747752172
-0.7393893184744348,-0.13457382946108962,-0.6938626076920811
0.0,0.0,0.0
0.0,0.0,0.0
0.9941226534821306,0.4182572265302855,1.0362854515144437
-1.2116579183313658,-0.9038452191026117,-1.2482565096589233
0.06404096557191613,0.06488144353527898,0.06411037268301946
