ho_likelihood,hol_likelihood,std_likelihood
0.0,0.0,0.0
-0.6629143014264438,-1.0779966503963652,-0.693256934344868
0.0,0.0,0.0
-0.5280624914777263,-0.5274887934479713,-0.5279886503050013
-0.1344489602662499,0.34099105772592286,-0.18607310894495185
-0.6629143015281144,-1.0779966503963456,-0.6932569341102773
0.0,0.0,0.0
0.8229966410983485,0.7986764752576808,0.9103852656628117
-1.221182508500723,-1.2217568747666723,-1.221256357012057
0.06445068000236596,0.06523808345346711,0.0645519238452434
0.5280624914774612,0.5274887934705474,0.5279886503030098
-0.6931471805599453,-0.6931471805599453,-0.6931471805599453
0.0644506800023414,0.06523808345070398,0.0645519238459243
-0.8588165354146511,-0.3848494698364198,-0.9106300336605215
0.0,0.0,0.0
1.3285799250721089,0.6644029961779709,1.4829224479045717
-0.6781449898731103,-0.9039724187524202,-0.6932020588002594
0.7210100517443586,-0.030453658629575147,0.9241658989398978
-1.5519637157517665,-1.0779966503963527,-1.603777214335062
0.0,0.0,0.0
0.06445068000249671,0.06523808344556127,0.06455192384568763
0.0,0.0,0.0
0.1298494606344386,0.10552929469740763,0.21723808522006455
-0.33692286938684995,-0.4469308701328552,-0.3151011111484106
0.04521823119684857,0.050859000831074634,0.12173770507150036
0.06445068000241386,0.06523808348126063,0.06455192384552713
0.0,0.0,0.0
-0.3441175796019698,-0.0952385279035061,-0.37447827307834547
-0.6931471805599453,-0.6931471805599453,-0.6931471805599453
