ho_likelihood,hol_likelihood,std_likelihood
0.5281173189122497,0.5275556011842468,0.5280501632977501
-0.6931471805599453,-0.6931471805599453,-0.6931471805599453
-1.5197888699280866,-1.5188738439137173,-1.5196794710002934
0.592492844625977,0.5927018955919228,0.5925177443564388
-0.04466490496539085,-0.6205019800878283,0.01702486355914851
0.0,0.0,0.0
1.622703148559014,1.5544064114675753,1.7597620550801052
-0.6931471805599453,-0.6931471805599453,-0.6931471805599453
-0.6931471805599453,-0.6931471805599453,-0.6931471805599453
-0.6931471805599453,-0.6931471805599453,-0.6931471805599453
0.15853566605948094,-0.07248754553204181,0.14904423695210228
0.505450475863905,-0.13435078140285012,0.5723764010793273
0.42692543502070024,0.4263758279524288,0.42685972841924313
-0.16502986164770844,-0.1655915793548039,-0.16509701725515263
-0.5281173189123708,-0.5275556011868453,-0.5280501632945724
0.6420276690931043,0.6678726388412838,0.6368323054623751
0.0,0.0,0.0
1.4674600901113566,0.7445032061842108,1.6118955641030492
-1.2401942541785467,-1.408153626898254,-1.2519739624699213
0.12994879478734245,0.10562461717013985,0.21736300622635585
0.0,0.0,0.0
0.512204291567501,0.21556110561538622,0.5292500636202788
-0.6931471805599453,-0.6931471805599453,-0.6931471805599453
-0.7807362273046522,-0.7742897382880781,-0.8182150782923874
-0.42692543501794666,-0.4263758285837872,-0.42685972760115787
0.0,0.0,0.0
-0.07205710568025339,0.1817140515045471,-0.12318903523369021
0.030327585164451287,-0.38479444899622095,2.2821318884278564e-06
0.38476500920413126,0.38358961170632516,0.3763004635667856
