ho_likelihood,hol_likelihood,std_likelihood
-1.5622897935208038,-1.5128246006625927,-1.6114703419955358
-0.5504519780635532,-0.8878234605418376,-0.8288312292822506
-0.07266232981051865,-0.12364691312464758,0.07435480305149535
-1.3625873320345836,-1.2601745142791834,-1.2878505800847297
-1.318883287470623,-1.3160248654191022,-1.3056606203673855
-2.7511545273825613,-2.3548782734287794,-2.6094628163473947
-1.0986164820775464,-1.4024473508778583,-1.509383533609351
-1.5174935849781872,-1.4444678605042656,-1.5231203262467181
-1.0986122886681098,-1.0986122886681096,-1.0986122886681096
-1.7813863286370186,-1.946250350166402,-2.2505615084664425
-1.712035010249718,-1.803656318435815,-1.9178486379938264
-1.2030424590532938,-1.2539495277059294,-1.2305153696492828
-1.1300699155298226,-1.251792492495603,-1.2285708577484549
0.056019859206818075,-0.5112879241154681,-0.20271466473365213
-1.4187649994849867,-1.5720757218128258,-1.6705518506056867
-1.317239142480589,-1.013581480979453,-0.998445275801106
-1.0986122886681098,-1.0986122886681096,-1.0986122886681096
-0.18505041788831322,-0.18599086943970275,0.17124298612511588
-0.9538683099330436,-1.2015095819618575,-1.2686470585134635
-0.9805838675066059,-1.2218095248591845,-1.176761394480836
-1.3862943611198906,-1.3862943611198906,-1.3862943611198906
-1.0351667546530867,-0.9029617120700346,-0.8712961766992001
0.45261470639688484,0.0742440399683321,0.33557071699330415
-0.8213760717962134,-1.0205452802682888,-1.0055315698794955
-1.2625083965909674,-1.238773098821766,-1.2165188223497063
-2.5669798499917964,-1.8494279724622924,-1.9991203033761564
-1.0098638261979895,-0.9676204002653096,-0.9566820686642011
-1.6537399603641068,-1.336412004800688,-1.3274655862675533
-0.9312063366999451,-1.0440847686196735,-1.0439870866109076
