ho_likelihood,hol_likelihood,std_likelihood
0.9328437681922671,0.908021769771398,1.0369141182196497
0.0,0.0,0.0
0.0,0.0,0.0
-2.3135618351524916,-2.256807668955455,-2.559605881671292
-0.6931471805599453,-0.6931471805599453,-0.6931471805599453
-1.3298609318036154,-0.9596015334553691,-1.4421867840468838
0.0,0.0,0.0
0.0,0.0,0.0
0.528105388045444,0.5277881881922935,0.5280483903262679
0.0,0.0,0.0
0.0,0.0,0.0
0.0,0.0,0.0
0.0,0.0,0.0
