,dataset,Ours,Zermello,higher_order_speedup,Ours_BIN,Zermello_BIN,binary_speedup
3,9,6.86,600.75,87.57288629737609,7.05,2985.59,423.48794326241136
1,28,7.27,17.41,2.3947730398899587,7.29,35.56,4.877914951989026
4,100,19.29,54.37,2.818558838776568,27.12,260.37,9.600663716814159
0,102,11.82,59.75,5.0549915397631136,10.93,126.22,11.548032936870998
2,105,18.96,2769.98,146.09599156118142,18.96,2769.98,146.09599156118142
5,106,14.16,23.54,1.6624293785310733,9.92,68.91,6.946572580645161
