,dataset,Ours,Zermello,higher_order_speedup,Ours_BIN,Zermello_BIN,binary_speedup
3,1,9.54,50.64,5.308176100628931,9.06,87.38,9.644591611479028
8,2,11.88,59.46,5.005050505050505,11.0,124.06,11.27818181818182
6,3,7.28,13.28,1.8241758241758241,7.16,51.1,7.136871508379889
2,4,6.94,20.96,3.0201729106628243,7.04,77.36,10.988636363636363
7,5,6.94,533.24,76.835734870317,7.08,2309.64,326.22033898305085
4,6,7.56,17.56,2.322751322751323,7.3,36.62,5.016438356164383
1,8,8.28,43.58,5.263285024154589,8.22,111.58,13.574209245742091
5,9,19.0,2769.66,145.77157894736843,19.0,2769.66,145.77157894736843
0,10,9.44,21.9,2.319915254237288,9.26,155.2,16.76025917926566
