,dataset,Ours,Zermelo,Higher_Order_Speedup,Ours_BIN,Zermelo_BIN,Binary_Speedup
1,1,9.7,50.4,5.195876288659794,9.08,87.2,9.60352422907489
6,2,11.34,59.94,5.285714285714286,10.86,126.22,11.622467771639043
3,3,6.92,13.42,1.939306358381503,7.12,51.16,7.1853932584269655
0,4,7.02,21.18,3.017094017094017,7.22,78.84,10.919667590027702
4,5,6.98,533.98,76.50143266475645,7.06,2313.2,327.64872521246457
2,6,7.42,17.72,2.388140161725067,7.28,36.56,5.021978021978022
5,7,24.2,143.74,5.939669421487604,26.12,301.72,11.551301684532925
