,dataset,Ours,Zermello,Higher_Order_Speedup,Ours_BIN,Zermello_BIN,Binary_Speedup
1,1,9.62,50.52,5.251559251559252,9.04,87.44,9.672566371681416
6,2,11.34,58.78,5.1834215167548505,10.88,123.08,11.312499999999998
3,3,6.92,13.32,1.9248554913294798,7.1,50.32,7.087323943661972
0,4,6.98,20.66,2.959885386819484,7.18,76.52,10.657381615598887
4,5,6.94,534.38,77.0,7.22,2316.62,320.8614958448753
2,6,7.34,17.6,2.3978201634877387,7.3,35.82,4.906849315068493
5,7,24.2,144.56,5.973553719008264,25.84,300.92,11.645510835913313
