ho_likelihood,hol_likelihood,std_likelihood
0.0,0.0,0.0
-0.10125114782052864,0.3248957775850542,-0.0769408610663103
-0.6931471805599453,-0.6931471805599453,-0.6931471805599453
0.5279276681638133,0.5285320058985056,0.5280126103021351
0.0,0.0,0.0
0.0,0.0,0.0
0.0,0.0,0.0
0.7195275459125413,0.7303424238895604,0.7932808846098777
-0.3647956051724742,0.00640217366124778,-0.3241686468078697
0.0,0.0,0.0
0.044971136559873566,-0.6531272184299484,9.783430011744211e-05
-0.6931471805599453,-0.6931471805599453,-0.6931471805599453
-0.7305195599144211,-0.5350949009664596,-0.6930894122652232
-0.5281701821600485,-0.5275663092473226,-0.5280852115277025
0.0,0.0,0.0
0.0,0.0,0.0
0.0,0.0,0.0
0.0,0.0,0.0
-0.8010363972314489,-0.6563181505772971,-0.8181370049587906
0.0,0.0,0.0
0.13430063895741357,0.05715164930753851,0.2174446730005424
-0.6931471805599453,-0.6931471805599453,-0.6931471805599453
-0.5279276681636106,-0.5285320059026556,-0.5280126103010471
0.8231917537839516,0.7987870763875049,0.910581363990755
0.9073881134039139,0.4234923727173259,0.9622542503333309
0.0,0.0,0.0
-0.030418887036241467,0.3847856315712298,-6.611119658256345e-05
-0.6931471805599453,-0.6931471805599453,-0.6931471805599453
0.239252964199653,0.21447137697911087,0.3654264628908103
