ho_likelihood,hol_likelihood,std_likelihood
0.0,0.0,0.0
-0.7083238722651375,-0.5190994067370875,-0.5019835909440259
-0.6931471805599453,-0.6931471805599453,-0.6931471805599453
-0.34364816965830863,-0.48264730805258377,-0.45166608743092407
-1.154649524918307,-0.7500943364436533,-0.7960376090104382
0.15800794143927344,0.5040055616534471,0.5742857419044998
-1.5898051974120904,-1.5907338345957427,-1.5911276284806848
0.0,0.0,0.0
-0.6931471805599453,-0.6931471805599453,-0.6931471805599453
0.0,0.0,0.0
0.0,0.0,0.0
0.0,0.0,0.0
-0.7083238727520589,-0.5190994067370797,-0.5019835909439997
-0.6931471805599453,-0.6931471805599453,-0.6931471805599453
-0.6931471805599453,-0.6931471805599453,-0.6931471805599453
-0.6931471805599453,-0.6931471805599453,-0.6931471805599453
1.6818165983295092,1.1834833930908328,1.3229036581546896
-1.1869466337404415,-1.1701182125508136,-1.2377331265718905
-1.238670517983132,-1.2380119167106773,-1.2377331265717149
-0.8013079133095842,-0.5777956590432299,-0.5792964593739871
0.42681153624105683,0.42624141266895704,0.4260000473067125
0.0,0.0,0.0
0.8589315254112153,0.38490760573660476,0.4277185315275054
-0.4635618011384168,-0.46334537494388256,-0.4632536134799787
-0.9291531904326606,-0.9288082408313333,-0.9286622273869689
-0.6931471805599453,-0.6931471805599453,-0.6931471805599453
-0.353199033440505,-0.5190994067370925,-0.501983590944122
-0.7083238732049304,-0.5190994067370612,-0.5019835909439747
0.0,0.0,0.0
