ho_likelihood,hol_likelihood,std_likelihood
-0.42689959979447933,-0.4273848849142697,-0.4270061633428503
0.0,0.0,0.0
0.5545246737348422,0.555542644844997,0.5547482285153701
-0.6931471805599453,-0.6931471805599453,-0.6931471805599453
1.350986856345412,1.327295822212225,1.4384010837187615
-0.6931471805599453,-0.6931471805599453,-0.6931471805599453
0.0,0.0,0.0
0.017078920153579345,0.021251127181869025,0.012148181206276587
4.443025946166932e-10,-2.1106449921171126e-12,1.0966783037187161e-11
0.6639903516984782,0.3621808475627689,0.6965618123904666
-1.5736113521742519,-0.751468818942897,-1.6396685775900532
-0.1651402716120017,-0.1656356460586419,-0.1652491401884799
-0.6931471805599453,-0.6931471805599453,-0.6931471805599453
0.0,0.0,0.0
-0.6630103238506683,-1.077977919903785,-0.693421993954001
0.0,0.0,0.0
1.1332311880824477,-0.2142789243740332,1.1755072059468952
0.0,0.0,0.0
0.0,0.0,0.0
0.0,0.0,0.0
0.0,0.0,0.0
-0.991654941143169,-0.9919669640423898,-0.9917234530942775
0.0,0.0,0.0
0.0,0.0,0.0
-0.6931471805599453,-0.6931471805599453,-0.6931471805599453
-0.2726805020769309,-0.7348965784625813,-0.29633612531881215
-0.11807969719794052,-0.12428462666712857,-0.13340953408445513
0.06452688652383003,0.06520683656408709,0.06467620114410631
-0.16514027161425535,-0.16563564610479564,-0.16524914018788775
