ho_likelihood,hol_likelihood,std_likelihood
0.13011209442983904,0.10558777845190936,0.21752608867327308
0.2730720275594301,0.1278014303186594,0.2900755567616393
0.0,0.0,0.0
-0.6931471805599453,-0.6931471805599453,-0.6931471805599453
-0.6931471805599453,-0.6931471805599453,-0.6931471805599453
-0.6626639363794797,-1.0779628911440637,-0.6929986598804575
0.10308304797925584,-0.13132618297919263,0.07263132207844297
-0.43744494579304544,-0.45432515938728885,-0.3316607984492074
-0.6931471805599453,-0.6931471805599453,-0.6931471805599453
-0.6931471805599453,-0.6931471805599453,-0.6931471805599453
0.8875112932164295,0.863916723434993,0.9750307765303484
-0.6626639362298686,-1.0779628911440517,-0.6929986600233128
0.0,0.0,0.0
-2.3545187136684906,-2.0307711841337905,-2.391877298200878
-0.6931471805599453,-0.6931471805599453,-0.6931471805599453
-0.5278904242031006,-0.5285686108036002,-0.5279673675059977
0.21504121786450742,0.5266538485511578,0.2544635262714751
0.0,0.0,0.0
-0.6931471805599453,-0.6931471805599453,-0.6931471805599453
0.7691167049419037,0.7244759505615149,0.8407005861160619
-0.8993325395082151,-0.7693352417287292,-1.0148817111179784
0.0,0.0,0.0
1.1464780833574062,1.1365136884838747,1.2043464201773033
1.0587354372599782,0.6601052675011119,1.098166181677937
0.0,0.0,0.0
0.4301600713602398,0.2384949939196321,0.4525012862693744
0.0,0.0,0.0
-0.6199630967328992,-0.9124439492235792,-0.6364373375751714
0.8067321090573795,0.3249250365107992,0.8454355302054263
