ho_likelihood,hol_likelihood,std_likelihood
0.5841806575254493,0.45830837150740733,0.5764121230599603
-0.6931471805599453,-0.6931471805599453,-0.6931471805599453
0.06429287450945681,0.06502937596995574,0.06437993701710348
0.7730261526357093,0.7304472291616502,0.8457205899129889
0.9330000223341626,0.9077538043626846,1.0370721708639052
-0.6931471805599453,-0.6931471805599453,-0.6931471805599453
-0.28603325950480557,0.30979255566293273,-0.2809771895776594
0.0,0.0,0.0
0.0,0.0,0.0
-1.2210674050741888,-1.2216046290438678,-1.221130908243583
-0.5279202245142329,-0.5284574486771135,-0.5279837276839066
-0.82289628844288,-0.11752711458412055,-0.799013643827647
0.0,0.0,0.0
-0.6931471805599453,-0.6931471805599453,-0.6931471805599453
-0.6931471805599453,-0.6931471805599453,-0.6931471805599453
0.5053044218321279,-0.13444924655122628,0.5722093263146676
0.0,0.0,0.0
0.0,0.0,0.0
-0.6931471805599453,-0.6931471805599453,-0.6931471805599453
-0.6931471805599453,-0.6931471805599453,-0.6931471805599453
-0.8918840948969654,-0.8999013640965886,-0.8660737103609382
0.0,0.0,0.0
-0.6931471805599453,-0.6931471805599453,-0.6931471805599453
0.0,0.0,0.0
0.0,0.0,0.0
-0.1566753450945123,-0.21068457904990706,-0.23666200428213963
0.7987054208335067,0.6619282919451267,0.8166785892208299
-0.2166917853505785,-0.09083600589044935,-0.23837140584494648
0.0,0.0,0.0
