ho_likelihood,hol_likelihood,std_likelihood
-0.6589965314181366,-0.6426960525792291,-0.7106079233063898
-0.9917217334517373,-0.991387423293556,-0.9913005767661821
0.3405308728101708,0.7761964859623312,0.813288020102598
-0.16495008709783895,-0.16548158136043384,-0.16561966919395638
0.0,0.0,0.0
-0.4636345668648699,-0.4634373131688974,-0.46338600226293647
0.0,0.0,0.0
-0.8585653131806817,-0.3847038925017642,-0.42736921487704643
0.0,0.0,0.0
0.8232405133204513,0.7989287474509751,0.8957517438896764
0.0,0.0,0.0
0.0,0.0,0.0
0.026911991183984824,-0.40297822568852654,-0.4555159322434386
-0.2950434199073158,-0.27126314824948666,-0.36822423252332864
0.0,0.0,0.0
-0.6931471805599453,-0.6931471805599453,-0.6931471805599453
0.0,0.0,0.0
0.0,0.0,0.0
-0.13482670824162604,-0.10437093001702251,-0.06997335654502329
-0.6928896078131654,-0.6938138121131857,-0.6940541094018502
-0.6931471805599453,-0.6931471805599453,-0.6931471805599453
0.0,0.0,0.0
-1.0560978657522124,-1.0560981320306815,-1.0560983983463068
-0.527900772290161,-0.5284325328300677,-0.5285708869803174
-0.46363456686482263,-0.46343731316983927,-0.46338600226294174
-1.1803122686633947,-1.1763772425456736,-1.2134589941149017
-1.5870792572860597,-1.1126782555771342,-1.1552033346275445
-0.030465362430220456,0.3847038925017586,0.42736921487620716
0.3072529712424739,0.27393039997488094,0.43951519311272935
