ho_likelihood,hol_likelihood,std_likelihood
0.5277653868319596,0.5284524173663909,0.5278157515645366
-0.6931471805599453,-0.6931471805599453,-0.6931471805599453
0.13033886965694708,0.10575324204231915,0.2178342122551552
0.0,0.0,0.0
-0.6931471805599453,-0.6931471805599453,-0.6931471805599453
0.0,0.0,0.0
-1.5811574592439905,-1.7913672915828651,-1.5987149023627598
0.8234860501739775,0.7989004226022552,0.9109813928194408
-0.39003906847747993,-0.38673882228488193,-0.37221678633435706
0.5283326034069158,0.5276457479469001,0.5282821832415003
-0.6931471805599453,-0.6931471805599453,-0.6931471805599453
0.5283326034070062,0.5276457479428149,0.528282183244526
-0.6436697920636409,-0.8686951698774088,-0.6552462420986812
0.0,0.0,0.0
-0.44304070931005657,-0.4900202417607232,-0.4458210568556724
0.0,0.0,0.0
0.8583125547161939,0.3847202319777208,0.9100341491310687
-0.6931471805599453,-0.6931471805599453,-0.6931471805599453
0.0,0.0,0.0
0.0,0.0,0.0
0.7832576483913587,0.29697674015266046,0.8115884481641304
0.0,0.0,0.0
-0.6931471805599453,-0.6931471805599453,-0.6931471805599453
-0.01011016186613823,0.5360447691971665,0.02246912208352351
0.0,0.0,0.0
-0.6931471805599453,-0.6931471805599453,-0.6931471805599453
-1.4286834976685248,-1.1547574446656428,-1.4603564956458879
-0.6931471805599453,-0.6931471805599453,-0.6931471805599453
-0.22306718004570109,-0.46782684494621546,-0.23632375892690033
