ho_likelihood,hol_likelihood,std_likelihood
0.0,0.0,0.0
0.0,0.0,0.0
-0.6931471805599453,-0.6931471805599453,-0.6931471805599453
0.0,0.0,0.0
-0.8586762174645205,-0.3845661257170522,-0.4271645446497457
0.5281376616395768,0.5278330431795627,0.5277363229556401
-0.6931471805599453,-0.6931471805599453,-0.6931471805599453
0.12998565183985947,0.10602048932128014,0.20293692304954664
-0.6931471805599453,-0.6931471805599453,-0.6931471805599453
0.0,0.0,0.0
-0.16500951892100008,-0.16531413723620156,-0.1654108577105553
0.823132831199254,0.7991676698808484,0.8960841014331203
-0.6931471805599453,-0.6931471805599453,-0.6931471805599453
