ho_likelihood,hol_likelihood,std_likelihood
-2.508512307723874,-2.4413105083965836,-2.4270757907068536
-2.5418114015214064,-2.454243552041537,-2.4572304692348252
-2.6121890141840365,-2.3976193577836558,-2.3760481861844003
-3.085739634217675,-2.5508970400488415,-2.567529765954798
-1.0236198388951883,-1.0253909163811983,-0.5224445642728429
-0.681349913193559,-0.8342756798711198,-0.06015455105600892
-0.6818100723450367,-0.73701937748883,0.022242857571247172
-2.749410187856954,-2.629810593968619,-2.952973639518067
-3.42709743706111,-2.8622595236098496,-3.5327196644009176
-2.905528293025193,-2.5589152891376967,-2.5563949097649252
0.7345581590130659,0.5237629549430213,0.5894154844203009
-1.375992162663466,-1.2606477393366515,-1.0964950397948539
-3.2186569591349854,-2.707182490096308,-2.803551026961487
