ho_likelihood,hol_likelihood,std_likelihood
-1.8359783411160178,-2.1901303577856415,-1.8735134423749982
-4.030061559745506,-3.35451305774712,-4.559566001115075
0.02754528085235066,-1.0814868457271072,0.35632111331811783
-1.791759469228055,-1.791759469228055,-1.791759469228055
-0.2326631427190137,-0.9170749634093536,-0.07366259197346393
-2.785689480746474,-2.648162292305043,-2.396567397770776
-0.22047008922717748,-0.2792400184838736,0.015713010671479708
-2.223784838317627,-1.8229209650040794,-2.324738843043466
-3.476481277373122,-3.2178513274047713,-3.5781832281713704
-0.5316071796358925,-0.13894666978420292,-0.7550537756276425
0.43937583369958677,-1.4723586833346127,0.6593309539442447
-1.7661211540932027,-1.8684001525693115,-1.774074453249691
-0.6065021764069964,-0.636384041975927,-0.15476577687460022
-1.8093575118644696,-1.884396797435661,-1.8304141693326628
-3.1780538303479458,-3.1780538303479453,-3.1780538303479458
-0.8090233602831229,-3.1430393351468733,-0.5020517518907003
-3.1227792129285423,-2.584592617012683,-3.0932911657100144
-3.1780538303479458,-3.1780538303479453,-3.1780538303479458
-3.8099608209327753,-3.4695218057998987,-3.837777933772728
-3.730212720264809,-3.6786444367142344,-3.9982865791565465
-3.4621206023119617,-3.5478827711414773,-3.654298170855826
-1.791759469228055,-1.791759469228055,-1.791759469228055
-0.4856823451209632,-1.5156035920432707,0.08611767700917068
-1.2463772142558878,-2.6661868715543724,-1.2865713491282935
-2.9462628164486246,-1.9761208410468984,-3.3168766380276637
-1.3823789606794497,-1.538979901237048,-1.3304580678512024
0.46508069658719187,-1.473827488601497,0.7310318026757469
-1.397656082486144,-2.4029523926677205,-1.4646932368787076
-3.0087372850153877,-3.057826815045648,-3.062392146749482
