ho_likelihood,hol_likelihood,std_likelihood
-0.9916100315978332,-0.9917907974647953,-0.9916374472292985
-0.6931471805599453,-0.6931471805599453,-0.6931471805599453
0.0,0.0,0.0
0.0,0.0,0.0
-0.6931471805599453,-0.6931471805599453,-0.6931471805599453
-0.6931471805599453,-0.6931471805599453,-0.6931471805599453
-0.6931471805599453,-0.6931471805599453,-0.6931471805599453
0.45900650847651736,0.4277304392387912,0.5723425836637761
0.0,0.0,0.0
-0.6931471805599453,-0.6931471805599453,-0.6931471805599453
-0.6484103585036527,-1.3459785760885854,-0.693185190073351
-1.9891396556371892,-2.24989346998872,-2.1591123013233537
-0.6931471805599453,-0.6931471805599453,-0.6931471805599453
