ho_likelihood,hol_likelihood,std_likelihood
-1.2120168974899455,-0.9038429589732239,-1.2486548118260623
0.12989490117992936,0.1059064032403249,0.21733352738509507
-0.6931471805599453,-0.6931471805599453,-0.6931471805599453
-0.6931471805599453,-0.6931471805599453,-0.6931471805599453
0.0,0.0,0.0
-0.6931471805599453,-0.6931471805599453,-0.6931471805599453
0.0,0.0,0.0
0.8230420814736477,0.7990535845469633,0.9104807077785723
0.0,0.0,0.0
0.823042081562611,0.79905358472315,0.9104807075824664
0.0,0.0,0.0
-0.7386760629916812,-0.13457916351033664,-0.6931109520971912
0.0,0.0,0.0
