ho_likelihood,hol_likelihood,std_likelihood
0.4304953897203329,0.23800901650743325,0.4527805726220473
-0.6931471805599453,-0.6931471805599453,-0.6931471805599453
-2.6012037007218587,-2.5576796059076345,-2.8311068886870796
-0.6931471805599453,-0.6931471805599453,-0.6931471805599453
-0.6931471805599453,-0.6931471805599453,-0.6931471805599453
-0.6931471805599453,-0.6931471805599453,-0.6931471805599453
0.06442882184870773,0.06483134354038937,0.06449851767813612
0.0,0.0,0.0
0.0,0.0,0.0
0.0,0.0,0.0
-0.11128078216587513,-0.4082343068434987,-0.13828830212942902
-1.7039308818996612,-1.3969434842774857,-1.730879549076198
0.0,0.0,0.0
