ho_likelihood,hol_likelihood,std_likelihood
-0.4897504831716831,-1.028257195490983,-0.5292499075492927
0.5843155412901164,0.4581300208728226,0.5765200059325568
-0.6931471805599453,-0.6931471805599453,-0.6931471805599453
0.5050818730098231,-0.134243528192278,0.572017773997111
-0.1648776223180055,-0.165684266817394,-0.1649597548773541
0.0,0.0,0.0
-0.7202510532333696,-0.9241438199073404,-0.7321941426181557
0.0,0.0,0.0
-0.3917890172979625,-0.1130685211876725,-0.366284534136271
0.0,0.0,0.0
-0.6931471805599453,-0.6931471805599453,-0.6931471805599453
-0.662556685374327,-1.0780179684331934,-0.6928949471299928
-1.2209755449290336,-1.2217828176894685,-1.2210576147415464
0.8809739430255749,0.3980439373209542,0.9323011001452249
0.0,0.0,0.0
-0.8233718131825987,-0.7986395500320759,-0.9107889470355528
0.3640130151182272,-0.30888244526154013,0.3683874812807527
-0.8698065817571665,-1.583890445979753,-1.0912504838797943
-0.6931471805599453,-0.6931471805599453,-0.6931471805599453
-0.6931471805599453,-0.6931471805599453,-0.6931471805599453
0.0,0.0,0.0
-1.2209755449291293,-1.2217828176784127,-1.2210576147377066
0.0,0.0,0.0
-0.6931471805599453,-0.6931471805599453,-0.6931471805599453
0.6724488925560271,0.3228492457846708,0.7131934801198083
-0.362609142295383,-0.38682242514494364,-0.3380357478659503
-0.5282695582418697,-0.5274629137639072,-0.5281874256633711
-0.03757202152779381,-0.4830229061706445,-0.09150514224752242
0.0,0.0,0.0
