ho_likelihood,hol_likelihood,std_likelihood
-0.8588102764374631,-0.38480280992504845,-0.42753651419814565
-0.6931471805599453,-0.6931471805599453,-0.6931471805599453
-0.3640256642194333,-0.37148609653316333,-0.3424624048846719
0.8588102764299529,0.38480280992510946,0.42753651419572797
-0.6931471805599453,-0.6931471805599453,-0.6931471805599453
-0.502329651056498,-0.5021284131931396,-0.5020554319085117
0.0,0.0,0.0
0.12985553438147057,0.10561013015159135,0.20233309068794564
0.19139922544097895,0.06515656154120275,0.14748403759541648
-0.6931471805599453,-0.6931471805599453,-0.6931471805599453
0.1748307299835284,0.008403603429195517,0.025301529246359505
-1.187028379158923,-1.1702434072446353,-1.237942676131298
-1.5519574569974084,-1.0779499904849938,-1.120683694758091
0.5753292007501297,0.5735663687990626,0.6086162850016933
0.06447995241305364,0.06415277929662612,0.06403436774783737
-0.4635858915467755,-0.46339266858397615,-0.46332259340854465
0.0,0.0,0.0
0.0,0.0,0.0
0.0,0.0,0.0
-0.528031975676617,-0.5285529113275853,-0.5287418785388899
-0.6381877775424111,-0.7552398002214394,-0.724169637682661
-1.5519574569882182,-1.0779499904850638,-1.1206836947571273
0.8069876999671625,0.3249124876039134,0.3579313503389498
0.0,0.0,0.0
-0.6931471805599453,-0.6931471805599453,-0.6931471805599453
-0.2029688218741527,0.33504119477292116,0.3940548519044082
0.0,0.0,0.0
-0.463585891546776,-0.4633926685806782,-0.4633225934085547
-0.656980583572729,-0.8809336009028257,-0.9303621490143399
