ho_likelihood,hol_likelihood,std_likelihood
0.0,0.0,0.0
0.07195734970057756,-0.18165374798164965,0.12300788496719539
0.9094341247696691,0.07749916543438562,0.9688993713797851
-0.6931471805599453,-0.6931471805599453,-0.6931471805599453
-0.3640304702512437,-0.37145156748383484,-0.33818275615672944
-0.6931471805599453,-0.6931471805599453,-0.6931471805599453
-0.6931471805599453,-0.6931471805599453,-0.6931471805599453
0.0,0.0,0.0
0.0,0.0,0.0
-0.6931471805599453,-0.6931471805599453,-0.6931471805599453
0.0,0.0,0.0
0.0,0.0,0.0
-0.6931471805599453,-0.6931471805599453,-0.6931471805599453
0.4380687235475399,-0.21900549328599958,0.48864512280617833
-0.6931471805599453,-0.6931471805599453,-0.6931471805599453
-0.6931471805599453,-0.6931471805599453,-0.6931471805599453
0.0,0.0,0.0
-0.6931471805599453,-0.6931471805599453,-0.6931471805599453
0.06446332145814906,0.06477863954207959,0.06453759744320259
0.8588265086990327,0.3847385941086725,0.9106986538671222
-0.6931471805599453,-0.6931471805599453,-0.6931471805599453
-1.9465412912656699,-1.9462595151142994,-1.9464747691743132
-0.6931471805599453,-0.6931471805599453,-0.6931471805599453
0.3525406271476913,-0.023428776810714196,0.4283646042253471
-0.37315882009581636,-0.6092910338162634,-0.39168468672333434
0.0,0.0,0.0
-0.32197428641857795,-0.01796193165632593,-0.2730883264353728
0.5280406692541626,0.5284747634070952,0.5281429650163629
-0.6931471805599453,-0.6931471805599453,-0.6931471805599453
