ho_likelihood,hol_likelihood,std_likelihood
-1.063745962161148,-0.945893741707231,-0.3836157455034764
-2.7628099399616675,-2.32457374318308,-2.3018429029006877
-3.324702867871661,-2.396459243489979,-2.3633522530204414
-3.1061550817609365,-2.5328047124498303,-2.551676544621761
-2.382962468105987,-2.308841052485873,-2.283655053910637
-2.220659901217075,-2.3380971437432505,-2.3114708849266123
-0.8626964598115421,-0.6419612041763116,0.37176577522509935
-1.0158981186717795,-1.0581832082378142,-0.6018094349744959
-3.132655130196587,-2.4487031860328456,-2.539909899177088
-3.102485458254326,-1.9983646128338364,-1.6125442130008665
-1.017946956504724,-0.8558029377799752,-0.12295173851993842
-2.0420143399290107,-2.5702505676330447,-2.5946445872682697
-3.285758324236543,-2.5316838176567877,-2.617838332843617
