ho_likelihood,hol_likelihood,std_likelihood
-2.3527087299302663,-2.1865152433437545,-2.4621267869809405
-3.1274031758783414,-1.6472914004134407,-1.6451744202849812
-1.8778545990912876,-1.9131349962804802,-2.053523704987552
-0.43614754531489236,-0.3769807565261272,0.03373908780087851
-1.899813501213406,-1.887735627258172,-2.024699513262721
-1.8823962577610789,-1.765788555277905,-1.9105164147656628
-1.6755335578980157,-1.4233909268695366,-1.3757546285329076
-1.896919059515323,-1.4606669877714626,-1.4271745782439162
-1.7445410110354054,-1.5350333664703597,-1.5180003401536188
-2.477628801524661,-2.5774390899565347,-3.0382547920921605
-0.8060862929100814,-0.5201898065339097,0.07641201740186722
-0.3525088233575385,-0.9855566827852145,-0.6580520521929576
-1.092403000795328,-1.418968193985253,-1.3657082750144403
-2.0882974625877524,-2.105971331428076,-2.2676579262291923
-2.5159025309457608,-2.2905959703207546,-2.4838953889681807
-1.0307712869771766,-0.9539345963692343,-1.0235383516614611
-1.8472074005667005,-1.526627671052722,-1.4470040253883805
-2.1641241377053815,-2.0741081219101742,-2.311644181475673
-1.4439315719285661,-2.2122588131933276,-2.379327615412167
-0.46826311596407305,-0.5071938372447115,-0.09783981681278592
-2.4097339836133402,-2.343498376951411,-2.752444503985243
-1.7211992202758013,-2.358160811801949,-2.6652101689333176
0.25330715049235764,-0.3936503779253181,0.06558107200202437
-0.5657223153717859,-0.7926189328983528,-0.2450292080351845
-1.6297619324140706,-1.7211136223969825,-1.691888793825121
-1.5085346812303027,-1.306906912485129,-1.1817627918343316
-1.9488375544162773,-1.6712407338933422,-1.6468120996477569
-1.80395298339787,-1.661167751824661,-1.626014471404382
-1.3910826490751964,-2.267338283451613,-2.4183595018304254
