ho_likelihood,hol_likelihood,std_likelihood
0.0,0.0,0.0
0.0,0.0,0.0
-0.6931471805599453,-0.6931471805599453,-0.6931471805599453
0.1298777735707871,0.1059143446439847,0.21732159972831624
0.0,0.0,0.0
0.0,0.0,0.0
0.8890472341091399,0.0,0.9105116516746716
0.7343908764431183,0.33486352166218714,0.7932468408990438
0.0,0.0,0.0
0.0,0.0,0.0
0.0,0.0,0.0
-0.6931471805599453,-0.6931471805599453,-0.6931471805599453
0.030259874275204872,-0.38462731760697105,-3.485130259866259e-05
