ho_likelihood,hol_likelihood,std_likelihood
0.5055639082671429,-0.1345046623155838,0.5724848289541928
-0.6931471805599453,-0.6931471805599453,-0.6931471805599453
-0.7386315577649091,-0.13450466232238995,-0.6930372530392453
0.0,0.0,0.0
0.0,0.0,0.0
-0.8588016065894925,-0.3846849239783346,-0.9105893567196242
0.0,0.0,0.0
-0.6931471805599453,-0.6931471805599453,-0.6931471805599453
0.3156873002282277,0.306628746879159,0.33548607426475446
0.0,0.0,0.0
-0.528070486375158,-0.527688646163243,-0.5280086763774385
0.0,0.0,0.0
-0.6931471805599453,-0.6931471805599453,-0.6931471805599453
