ho_likelihood,hol_likelihood,std_likelihood
0.0,0.0,0.0
0.0,0.0,0.0
-0.16511310679079244,-0.16544249219915377,-0.16517948952568312
-0.9916378514523025,-0.9918452182169368,-0.9916796173466303
-2.009933542346193,-1.9693846418105598,-2.1588606911076256
0.0,0.0,0.0
0.0,0.0,0.0
0.0,0.0,0.0
0.07083294362535668,0.05988674713547079,0.07687734802265535
-0.6931471805599453,-0.6931471805599453,-0.6931471805599453
0.0,0.0,0.0
0.0,0.0,0.0
0.0,0.0,0.0
