ho_likelihood,hol_likelihood,std_likelihood
-4.528840529337333,-2.451869790368507,-2.1212324047835964
-3.802747851637839,-2.9839633130340193,-3.441011386533237
-0.7332685448583302,-0.24026243574913395,0.41858409932012425
-2.3074584490565724,-2.549915842495973,-2.5406990722866505
-2.745161371659092,-2.6632434238698095,-2.694739271914859
1.6831414599023633,1.4751672897863823,1.8029190593675686
-2.8801002663342468,-2.8423335244306127,-3.4455915580942054
-2.7643983117292246,-3.0957269928034616,-3.515834619652523
0.7385750620145244,0.5492568493368939,1.5005708199005001
-2.251030658934074,-2.3516772802081776,-2.3438317626592835
-3.4603544008720997,-2.938950626374861,-3.384271345575656
-1.7910498034988824,-1.6280120901390087,-1.279686264650286
-3.2237262041532273,-2.7117270054359697,-3.0358345698013154
-2.3187033601753377,-2.496158409021873,-2.5123756800443626
-0.8194277681757586,-0.9007876628818002,0.10132332140551413
-1.0753251973990927,-3.1617959733516847,-3.7503992698045545
-2.726700695076668,-0.2629863695196377,0.42371667519461725
-2.9187501631689194,-2.4607988800869895,-2.6499038096975758
0.017004996981186626,0.21942231486787017,1.1641624505846555
-1.1890551096990496,-0.7662980941744915,0.739003887745562
-0.13736234689415608,-0.05852478572257681,0.3659819198370554
-3.1711058713790106,-2.683136067060086,-2.9693316870308624
-2.4171832024038844,-2.3219866892075514,-2.2527739149607635
-1.056398604589644,-1.2339835558710537,-0.9554130639345654
-2.7370682253727945,-2.543106027313368,-2.768909946492444
-4.147027596156242,-1.9197569024183228,-1.9210000494166561
-3.3137260978355765,-1.3392839338226512,-1.1494452355324896
-3.601104327749868,-2.4659681002132223,-2.430918367508862
-1.7537321040818352,-2.3204053308403227,-2.2693937329757476
