ho_likelihood,hol_likelihood,std_likelihood
-0.6931471805599453,-0.6931471805599453,-0.6931471805599453
0.7346175827595801,0.3351103977775942,0.3941325005827647
-0.6931471805599453,-0.6931471805599453,-0.6931471805599453
-0.6931471805599453,-0.6931471805599453,-0.6931471805599453
-0.6931471805599453,-0.6931471805599453,-0.6931471805599453
-0.6931471805599453,-0.6931471805599453,-0.6931471805599453
0.5279519337388066,0.5274624550435406,0.5272811341224594
-0.3531718152306059,-0.5191141629682987,-0.5020260577518255
-0.4635436278998362,-0.4633618194109144,-0.4632943890617845
-1.6316561517446073,-1.1150673267258577,-1.2388662753496216
-0.6931471805599453,-0.6931471805599453,-0.6931471805599453
-0.8738229817384829,-0.7501507804045763,-0.8286546428312267
0.0,0.0,0.0
0.29484441310981285,0.2711764400870112,0.3680784365272764
-1.1868849840401288,-1.170161736525201,-1.237856977798665
-0.5279519337392659,-0.5274624550019881,-0.5272811341221619
-1.3598578643975214,-1.0030877076314983,-1.06225598886703
0.0,0.0,0.0
0.2186810331372612,0.04020230315301952,0.06866077531942036
0.0,0.0,0.0
-0.5794175792815401,-0.7119803556060463,-0.7646216138290918
0.10087523083725389,-0.3249789800616572,-0.35800219696841795
0.031180323586337388,-0.4011065526915901,-0.48410908538054975
0.0,0.0,0.0
-0.6931471805599453,-0.6931471805599453,-0.6931471805599453
-0.6931471805599453,-0.6931471805599453,-0.6931471805599453
0.8227963468686172,0.7986388951612012,0.8953595706650335
-0.6931471805599453,-0.6931471805599453,-0.6931471805599453
0.0,0.0,0.0
