ho_likelihood,hol_likelihood,std_likelihood
-0.5268577627825924,-0.5594733660139947,-0.16717077705333613
-2.5509697864335488,-1.9156209616912774,-2.6781662810601423
-1.0362923821012118,-2.643247230766834,-0.7598735574374544
-1.9511071142821328,-1.9548121313096745,-1.996973324747709
0.3832549570825615,-1.390536866753829,0.7473788811534617
-2.9722436282736715,-3.4207108328698825,-2.9362030278430478
-1.5950312247840521,-2.0963772585290643,-1.5559636785142805
-3.7068273278535737,-3.6780920440507145,-3.9094656728278507
-1.1544525623542798,-1.2574455217256175,-0.9274273656649938
-2.6381240763156,-3.085460303273287,-2.6823725386070296
-1.791759469228055,-1.791759469228055,-1.791759469228055
-2.8030070473108193,-2.2624685793552177,-3.05860122158359
-0.5284892875718472,-1.7003262659365717,-0.4156532235702508
-3.0829224269787883,-3.746581502348695,-3.0522780613717124
-2.8915675117847592,-2.9361267094221426,-3.2525667713734583
-2.1460094697319265,-3.1696922126387337,-1.960317737507323
0.806533816686134,-1.5952474848515754,1.2735625377165056
-3.1324311382674903,-3.3226994225647797,-3.1358075058433053
-1.570961626684655,-2.9727335545429874,-1.5641904265797923
-3.0581514141718227,-3.2214162170864977,-2.8765869481144777
-3.1780538303479458,-3.1780538303479453,-3.1780538303479453
-2.668181740669622,-1.4881112958307092,-2.905547249203147
0.04794626824283409,-1.6084313894842632,0.18506291642605022
-2.137789497335519,-1.9137328482100278,-2.1960379254108293
-4.262996984072394,-3.685805637705034,-4.5494205336041205
0.2129644694658872,-0.6501188632687548,0.6559406804335214
-0.7619191782216067,-1.6025248828883698,-0.580139146737952
-4.285155043281875,-2.608980967243334,-4.574129738877228
-1.9355867530214725,-1.8494876565338467,-2.010954163667457
