ho_likelihood,hol_likelihood,std_likelihood
0.0,0.0,0.0
-0.11097237299199397,-0.4081688837920157,-0.13793562231151296
-0.6931471805599453,-0.6931471805599453,-0.6931471805599453
0.0,0.0,0.0
0.0,0.0,0.0
0.0,0.0,0.0
0.0,0.0,0.0
0.0,0.0,0.0
0.07316551110971578,-0.11871062688187331,0.14636241516534162
-0.6931471805599453,-0.6931471805599453,-0.6931471805599453
-0.6931471805599453,-0.6931471805599453,-0.6931471805599453
0.0,0.0,0.0
0.0,0.0,0.0
