ho_likelihood,hol_likelihood,std_likelihood
-1.1095880296648397,-0.8115386853283364,-0.7382751235852323
0.07266405090579427,-0.0512690783825288,0.19710499354441452
-2.182865434047997,-1.9050970263661569,-2.160652485153895
-1.0986122886681096,-1.0986122886681096,-1.0986122886681096
-1.2303345024256545,-1.2178438987267575,-1.1889926986157635
-1.3297388160575576,-1.025606301111898,-1.020769575533667
-1.3740801627667028,-1.2810357330198723,-1.2673576702085152
-0.11238612222329328,-0.15096120030503377,0.17522785049469902
-2.5351969040499696,-1.4959152910699696,-1.5321917475412041
-1.0986122886681096,-1.0986122886681096,-1.0986122886681096
-2.028784816843483,-1.3423321499902985,-1.3804322651097993
-1.2554888248014975,-1.2791620999215387,-1.2581620842389254
-1.810605504026486,-1.672934186513513,-1.7609382617847524
0.3885829802770564,0.08742267419469094,0.36650955161490567
-1.0986122886681096,-1.0986122886681096,-1.0986122886681096
-1.427500492844516,-1.2384527091052255,-1.203941140407206
-1.3389882556048187,-1.0887341217454445,-1.0239907001953181
-0.28150152939154033,-0.10560973424767844,0.3103315898990127
-1.2925540110927864,-1.2135127876223148,-1.184690077793221
-1.0986122886681096,-1.0986122886681096,-1.0986122886681096
-1.323093099581183,-1.317997613744167,-1.307461031360635
-1.2408818739907077,-1.2539076430311247,-1.219321490079328
-0.946830883309061,-0.9625860899538202,-0.946341643179381
-0.9006144685922072,-0.9511220027232056,-0.9282383519307171
-1.0986122886681096,-1.0986122886681096,-1.0986122886681096
-1.5142037865599203,-1.326887823271853,-1.315605920271469
-1.1944846773617843,-1.3250903620419239,-1.3138294855330142
-0.9693145294500033,-1.0168705298326424,-1.0017661979116483
-1.6078965385911488,-1.632298480779224,-1.704288103177469
