ho_likelihood,hol_likelihood,std_likelihood
0.0,0.0,0.0
-0.03030861133276773,0.38460736327737305,-1.5436372935267516e-05
0.0,0.0,0.0
0.0,0.0,0.0
-0.6931471805599453,-0.6931471805599453,-0.6931471805599453
0.0,0.0,0.0
-0.6931471805599453,-0.6931471805599453,-0.6931471805599453
-0.16504084522990475,-0.16536427089188338,-0.16508979589883013
0.8587346893538643,0.3846073632767462,0.9104904263377656
-0.6931471805599453,-0.6931471805599453,-0.6931471805599453
0.0,0.0,0.0
-0.6931471805599453,-0.6931471805599453,-0.6931471805599453
-0.16504084523438226,-0.16536427072172402,-0.16508979584470754
