ho_likelihood,hol_likelihood,std_likelihood
0.0,0.0,0.0
-0.6931471805599453,-0.6931471805599453,-0.6931471805599453
0.0,0.0,0.0
0.0,0.0,0.0
-0.6458482868987508,-0.6569209054914802,-0.6178095955872485
0.0,0.0,0.0
-0.6931471805599453,-0.6931471805599453,-0.6931471805599453
0.858854712204338,0.38460221423107016,0.9106149216444573
-0.6931471805599453,-0.6931471805599453,-0.6931471805599453
-0.6931471805599453,-0.6931471805599453,-0.6931471805599453
-0.6931471805599453,-0.6931471805599453,-0.6931471805599453
0.0,0.0,0.0
0.12981240650696924,0.10595788531991683,0.2172532191923806
