ho_likelihood,hol_likelihood,std_likelihood
-2.322202404839561,-1.9165011604841284,-1.8602203074719392
-2.035347890108211,-2.207067934424563,-2.3546259222120955
-2.118593702230903,-1.6788072643116827,-1.603864903647238
-0.29493947998839504,-0.5685981205058737,0.0171694123612029
-2.333816835390675,-2.2240451896670588,-2.4828844725652326
-1.688007805817502,-2.1756558172161347,-2.266311332727844
-2.415780132088439,-2.4810358573631293,-2.983378601933488
-1.7174740498663872,-1.9145267762723008,-1.9118495450045507
-1.5082462399899361,-2.340567002192319,-2.534633428451187
-2.03757316959195,-1.9172980811260014,-2.09622044123424
-2.762874141908622,-1.9950542532544373,-2.0110722388034312
-1.5076424685626453,-0.8150120726053849,-0.11304823165715935
-0.635747810677523,-1.8330833281486965,-1.7656616629456425
-2.179842251640463,-2.197173313752876,-2.391856168707969
-2.4084237516031646,-2.3611429836991555,-2.6298674534335555
-2.004259417201101,-2.6526963297810804,-2.9637265252049154
-2.6785143457207834,-2.3184698919749906,-2.535500085493505
-0.8683557399304216,-0.7127228150884017,0.007523312059138276
-2.808512621620019,-2.4999769670496033,-2.889844531244996
-2.634319859837228,-2.3489593451825614,-2.6410648693033307
-0.6722478570224446,-0.6624840820976958,0.2234527225671947
-0.26936086028566747,-0.31760403783489655,0.4222385063621608
-2.2638980368618298,-1.7562332890163548,-1.7012213595360488
-1.9550986777800903,-1.5458637045403287,-1.5562025622924698
-3.4315230274354374,-2.4179430492010394,-2.632178604999844
-0.30628688815819133,-0.06516319210434295,-0.12357176540883856
-2.232229830922651,-2.178781422391321,-2.318614985601501
-2.8997866628563007,-2.396366662259618,-2.741571617100001
-0.4008547939567205,-0.15972431066367324,0.9063842088362947
