ho_likelihood,hol_likelihood,std_likelihood
-3.8285853671665673,-2.466671360904664,-2.7838279402545334
-2.4554426610370887,-2.0802697847063896,-2.048892423401679
-2.4421569511817407,-2.075076480642646,-2.019216246962247
-2.7023144720308108,-2.4182781129072612,-2.606135836434744
-2.891438112844607,-2.764801417145382,-3.440905683828869
-0.5265628427055616,-0.7086465030116851,-0.04617201300781888
-4.4550814729144586,-2.2381890849443073,-2.17322839397625
-2.353662022143422,-2.6503102412503394,-2.9658959311347615
-2.1187143480779222,-2.3908996861267577,-2.6905739236166752
-2.4893832749539544,-2.2596896147591052,-2.4455267169501544
-0.17598439107868474,-0.5736936290678297,0.2524175441546921
-2.6364071813959353,-2.1445019185538854,-2.0896359359553656
-0.46121472046388723,0.09639703349863676,0.2872425729930548
-2.248993595134535,-2.0632276383235397,-2.015738098366906
0.5537692995116187,0.32319772480724396,0.9290982941056939
0.22423069603367035,0.07780372015364788,0.25105845946713085
-2.459699155326845,-2.07683565758619,-2.0356717319595665
-4.7572432549792545,-2.570095276559466,-3.1154283023610096
-2.8460434139618647,-2.1907656978407215,-2.259537936716971
-1.3034627977865119,-1.083771760433679,-0.8603282801642683
-2.1714189376367963,-2.5224445676562914,-2.654523896640864
-2.9530360925787487,-2.30614919555925,-2.292370660559055
-3.2022778536684613,-1.222174822677598,-1.2289096931736239
0.8319969719524594,0.49177982383716684,0.9873228935469988
-2.4602497270715684,-2.3541299228362464,-2.586050855814835
-2.2884381266177485,-2.123851554163289,-2.104096246585007
-1.7646682027272926,-2.3716565738627247,-2.358861336490212
-3.7563481501292344,-2.5944642315636073,-2.7074741500665134
-2.7995448366593885,-0.9922669150410314,-0.19065943046455733
