ho_likelihood,hol_likelihood,std_likelihood
0.0,0.0,0.0
-0.6931471805599453,-0.6931471805599453,-0.6931471805599453
-1.2544799784645901,-1.4061736862322969,-1.239054403756928
-0.6931471805599453,-0.6931471805599453,-0.6931471805599453
0.0,0.0,0.0
-0.6931471805599453,-0.6931471805599453,-0.6931471805599453
-0.14778163498639213,0.2901558611922275,-0.1380391584029701
0.06444424108765921,0.06542461529615042,0.06462578730960358
-0.20160049925006665,0.07636031090635423,-0.1192806973531325
-0.36402492102547285,-0.3715712683920681,-0.3381944570224119
0.7699694589341248,0.7140658870122766,0.8405910653495035
-1.5629566587006778,-1.3448555557359256,-1.64210678184679
-0.6931471805599453,-0.6931471805599453,-0.6931471805599453
0.8160955211198172,0.401247479262219,0.8688579216020902
0.1657605297587815,0.07176186483007017,0.2600976123048041
-1.2120436272685955,-0.9040389548395362,-1.2488009156519948
0.999393571087777,-0.025245407950232352,1.0095259399495953
0.0,0.0,0.0
-0.6931471805599453,-0.6931471805599453,-0.6931471805599453
-0.6931471805599453,-0.6931471805599453,-0.6931471805599453
-0.6931471805599453,-0.6931471805599453,-0.6931471805599453
0.09468523365097238,-0.3195366691565374,0.06441792789597792
-0.42908266058813666,-0.3533043275350876,-0.5316784242658346
0.0,0.0,0.0
-0.6931471805599453,-0.6931471805599453,-0.6931471805599453
-0.014659964147062547,0.3534074556593105,0.10281024466313454
0.0,0.0,0.0
-0.6931471805599453,-0.6931471805599453,-0.6931471805599453
0.0,0.0,0.0
