ho_likelihood,hol_likelihood,std_likelihood
-0.6931471805599453,-0.6931471805599453,-0.6931471805599453
-0.35323123489216574,-0.5191419868425342,-0.5020729407940369
0.0,0.0,0.0
0.0,0.0,0.0
0.4570753736681707,0.04254875123017685,1.5878409698176383e-12
0.0,0.0,0.0
-0.5280588621961542,-0.527545874782402,-0.5274021689074583
-0.9916347795734571,-0.9913121256832138,-0.9912217499428404
-0.6931471805599453,-0.6931471805599453,-0.6931471805599453
-0.7103290177444754,-1.4375133512600593,-1.5589606570203511
0.030226610187110724,-0.3848024583692761,-0.42749215646975935
-0.6931471805599453,-0.6931471805599453,-0.6931471805599453
-0.6931471805599453,-0.6931471805599453,-0.6931471805599453
0.0,0.0,0.0
0.20379612674067166,0.017362672247620725,0.0643650360655163
-1.2551732428318696,-1.2357274554552653,-1.3208920765711347
0.0,0.0,0.0
-0.09651542633963059,-0.15783860660567306,-0.15320071957354642
-0.374557949771108,-0.3083447221906612,-0.2656550240879414
-0.16508831836349272,-0.16560130576420573,-0.1657450116524868
-0.6931471805599453,-0.6931471805599453,-0.6931471805599453
0.0,0.0,0.0
-0.6931471805599453,-0.6931471805599453,-0.6931471805599453
-0.5280588621962634,-0.5275458747985671,-0.5274021689074596
-0.08957390910546373,-0.3998076950759151,-0.43786881448069687
0.6352474790042593,0.6865391147806315,0.7821540431740941
0.0,0.0,0.0
1.3868821731247227,0.9123483331517842,0.95489432537961
-0.7607899940767948,-0.19023398271949432,-0.1323276848996863
