ho_likelihood,hol_likelihood,std_likelihood
-0.6931471805599453,-0.6931471805599453,-0.6931471805599453
-0.6931471805599453,-0.6931471805599453,-0.6931471805599453
0.0,0.0,0.0
-0.6931471805599453,-0.6931471805599453,-0.6931471805599453
-0.6931471805599453,-0.6931471805599453,-0.6931471805599453
-0.6931471805599453,-0.6931471805599453,-0.6931471805599453
-0.99163892354826,-0.9914689650684905,-0.9914083401801445
-0.6931471805599453,-0.6931471805599453,-0.6931471805599453
0.528032369547952,0.5283027103115973,0.5283992236175638
-0.6931471805599453,-0.6931471805599453,-0.6931471805599453
0.0,0.0,0.0
0.9327572234030299,0.9080346371003997,1.029039091248726
-0.030237991549340947,0.3845972153905261,0.4272012570225555
