ho_likelihood,hol_likelihood,std_likelihood
-0.6931471805599453,-0.6931471805599453,-0.6931471805599453
-0.6931471805599453,-0.6931471805599453,-0.6931471805599453
0.03017582156245285,-0.38490319085639313,-0.00023760747230865402
-0.701369913499868,-1.1195299376437107,-0.736397264280516
0.8890540267201525,-3.76088049592479e-12,0.9105350254829396
-0.6629713590566483,-1.0780503714150447,-0.6933847880287067
0.1648672082992092,-0.1044622525471821,0.239223986184433
-0.6931471805599453,-0.6931471805599453,-0.6931471805599453
0.0,0.0,0.0
0.0,0.0,0.0
0.8229368021183302,0.7985834325184198,0.9102427304881758
-0.6931471805599453,-0.6931471805599453,-0.6931471805599453
-0.6931471805599453,-0.6931471805599453,-0.6931471805599453
0.0,0.0,0.0
-0.7385247307312706,-0.13419800365576698,-0.6927907763934361
0.0,0.0,0.0
-0.6931471805599453,-0.6931471805599453,-0.6931471805599453
-0.6931471805599453,-0.6931471805599453,-0.6931471805599453
0.0,0.0,0.0
-0.6931471805599453,-0.6931471805599453,-0.6931471805599453
-0.10100878848999272,0.32501013173551985,-0.07664082981004464
0.0,0.0,0.0
-0.6931471805599453,-0.6931471805599453,-0.6931471805599453
0.0,0.0,0.0
1.2589759658972492,0.14158749448809196,1.3319975352842406
-0.6931471805599453,-0.6931471805599453,-0.6931471805599453
0.0,0.0,0.0
0.0,0.0,0.0
-0.6931471805599453,-0.6931471805599453,-0.6931471805599453
