ho_likelihood,hol_likelihood,std_likelihood
0.0,0.0,0.0
-1.1871482220778695,-1.1704893952629805,-1.2383196280669828
-0.9916990495390343,-0.9914690568359965,-0.9914030697513064
-0.6931471805599453,-0.6931471805599453,-0.6931471805599453
-0.6931471805599453,-0.6931471805599453,-0.6931471805599453
-0.030403086422904322,0.38459709476097403,0.42720946834627205
-0.8150991916346816,-0.6649000859186374,-0.6731279320056169
-0.6931471805599453,-0.6931471805599453,-0.6931471805599453
0.0,0.0,0.0
0.0,0.0,0.0
0.0,0.0,0.0
-0.6931471805599453,-0.6931471805599453,-0.6931471805599453
-1.1525477102682762,-1.1237799478793487,-1.179326854790677
