ho_likelihood,hol_likelihood,std_likelihood
0.0,0.0,0.0
-0.6931471805599453,-0.6931471805599453,-0.6931471805599453
0.0,0.0,0.0
0.8096543853872041,0.5596466727344459,0.6791207889687594
-0.6931471805599453,-0.6931471805599453,-0.6931471805599453
0.0,0.0,0.0
-0.2279029230076828,-0.5174097811142156,-0.4930762273303331
0.0,0.0,0.0
0.0,0.0,0.0
-0.6931471805599453,-0.6931471805599453,-0.6931471805599453
0.0,0.0,0.0
0.0,0.0,0.0
-0.6931471805599453,-0.6931471805599453,-0.6931471805599453
-0.16509778497331976,-0.16571809267813764,-0.1659097727678025
-0.9916288247999809,-0.991238678750557,-0.9911181386338888
0.0,0.0,0.0
-1.1524147139403254,-1.123431777400272,-1.1788323731931973
-0.818187742775183,-0.800566083817981,-0.7888329054602976
-0.6931471805599453,-0.6931471805599453,-0.6931471805599453
0.0,0.0,0.0
0.0,0.0,0.0
0.17482342032413634,0.008326056589890971,0.025228292604106316
0.0,0.0,0.0
-0.6931471805599453,-0.6931471805599453,-0.6931471805599453
-0.6931471805599453,-0.6931471805599453,-0.6931471805599453
-1.541319847853842,-1.0954404719182913,-1.1266718769204833
-1.4809913929017686,-1.3533305636875717,-1.4079307453761711
0.0,0.0,0.0
-0.6931471805599453,-0.6931471805599453,-0.6931471805599453
