ho_likelihood,hol_likelihood,std_likelihood
0.0,0.0,0.0
0.0,0.0,0.0
0.0,0.0,0.0
0.0,0.0,0.0
-0.46360888664743194,-0.46351186107705994,-0.46348426631617873
0.026305916616056618,0.03761778676602642,0.11891343151381506
-3.3917313402304283e-13,-4.881256522016404e-09,-2.084928896412839e-10
0.0,0.0,0.0
-0.6931471805599453,-0.6931471805599453,-0.6931471805599453
1.3868223889314464,0.912405106665851,0.9549020101452093
1.0900886112855528,0.4081613915969361,0.44452233203848907
0.0,0.0,0.0
0.0,0.0,0.0
